customer_id,plan_type,start_date,end_date,mrr,plan_changes
C0001,Starter,2023-01-02,2023-04-01,29,0
C0002,Starter,2023-01-03,2023-12-01,29,0
C0003,Starter,2023-01-03,2023-02-01,29,0
C0004,Starter,2023-01-03,,29,0
C0005,Enterprise,2023-01-03,,399,0
C0006,Starter,2023-01-03,,29,0
C0007,Starter,2023-01-03,,29,2
C0008,Pro,2023-01-03,2024-09-01,99,0
C0009,Starter,2023-01-04,2024-01-01,29,0
C0010,Enterprise,2023-01-04,2023-07-01,399,0
C0011,Starter,2023-01-05,2023-02-01,29,2
C0012,Enterprise,2023-01-05,2023-02-01,399,0
C0013,Starter,2023-01-05,2024-05-01,29,0
C0014,Starter,2023-01-05,2024-06-01,29,0
C0015,Pro,2023-01-05,2024-10-01,99,0
C0016,Pro,2023-01-05,,99,0
C0017,Pro,2023-01-06,,99,0
C0018,Starter,2023-01-06,2024-11-01,29,0
C0019,Pro,2023-01-06,2023-06-01,99,0
C0020,Starter,2023-01-06,,29,0
C0021,Starter,2023-01-06,2023-07-01,29,0
C0022,Starter,2023-01-06,2023-02-01,29,1
C0023,Starter,2023-01-06,,29,0
C0024,Starter,2023-01-07,,29,0
C0025,Starter,2023-01-07,2023-11-01,29,0
C0026,Enterprise,2023-01-07,,399,0
C0027,Enterprise,2023-01-08,,399,0
C0028,Starter,2023-01-08,2024-06-01,29,0
C0029,Pro,2023-01-09,2024-05-01,99,0
C0030,Pro,2023-01-09,2024-06-01,99,2
C0031,Pro,2023-01-09,,99,0
C0032,Pro,2023-01-09,,99,0
C0033,Pro,2023-01-09,2023-10-01,99,1
C0034,Starter,2023-01-09,2024-04-01,29,0
C0035,Starter,2023-01-09,2024-01-01,29,0
C0036,Starter,2023-01-10,2023-08-01,29,0
C0037,Starter,2023-01-10,2023-08-01,29,0
C0038,Starter,2023-01-10,2024-04-01,29,2
C0039,Pro,2023-01-10,2023-04-01,99,0
C0040,Pro,2023-01-10,2023-08-01,99,0
C0041,Pro,2023-01-11,,99,2
C0042,Starter,2023-01-11,,29,0
C0043,Pro,2023-01-11,2023-05-01,99,1
C0044,Starter,2023-01-11,2023-05-01,29,0
C0045,Pro,2023-01-11,2023-08-01,99,0
C0046,Enterprise,2023-01-11,,399,0
C0047,Starter,2023-01-12,,29,0
C0048,Pro,2023-01-12,,99,0
C0049,Starter,2023-01-12,2023-10-01,29,0
C0050,Starter,2023-01-12,2023-04-01,29,0
C0051,Starter,2023-01-12,,29,0
C0052,Pro,2023-01-12,2023-09-01,99,0
C0053,Starter,2023-01-12,,29,0
C0054,Pro,2023-01-12,2024-04-01,99,0
C0055,Starter,2023-01-12,2023-03-01,29,0
C0056,Enterprise,2023-01-13,2023-09-01,399,0
C0057,Pro,2023-01-13,,99,2
C0058,Starter,2023-01-14,2024-06-01,29,0
C0059,Starter,2023-01-14,2023-07-01,29,1
C0060,Pro,2023-01-14,,99,0
C0061,Starter,2023-01-14,,29,0
C0062,Starter,2023-01-14,2023-05-01,29,0
C0063,Enterprise,2023-01-14,,399,0
C0064,Pro,2023-01-14,,99,0
C0065,Pro,2023-01-14,,99,0
C0066,Starter,2023-01-15,2023-05-01,29,0
C0067,Pro,2023-01-15,2024-12-01,99,1
C0068,Starter,2023-01-15,2024-03-01,29,0
C0069,Pro,2023-01-15,,99,2
C0070,Enterprise,2023-01-16,2023-06-01,399,0
C0071,Pro,2023-01-16,2023-07-01,99,0
C0072,Enterprise,2023-01-16,2024-05-01,399,0
C0073,Pro,2023-01-17,,99,1
C0074,Starter,2023-01-17,2023-02-01,29,0
C0075,Starter,2023-01-17,2023-03-01,29,0
C0076,Starter,2023-01-17,2023-02-01,29,0
C0077,Starter,2023-01-17,2024-02-01,29,0
C0078,Starter,2023-01-17,2023-10-01,29,1
C0079,Pro,2023-01-17,2023-04-01,99,0
C0080,Starter,2023-01-17,2023-02-01,29,1
C0081,Pro,2023-01-18,2023-02-01,99,0
C0082,Enterprise,2023-01-18,2023-10-01,399,0
C0083,Starter,2023-01-18,2024-02-01,29,0
C0084,Starter,2023-01-18,2023-02-01,29,1
C0085,Pro,2023-01-18,,99,0
C0086,Pro,2023-01-18,2023-07-01,99,0
C0087,Starter,2023-01-19,2023-09-01,29,0
C0088,Pro,2023-01-19,2024-01-01,99,0
C0089,Pro,2023-01-19,,99,0
C0090,Pro,2023-01-19,2023-09-01,99,0
C0091,Starter,2023-01-19,2023-04-01,29,2
C0092,Pro,2023-01-19,,99,0
C0093,Pro,2023-01-19,2023-04-01,99,0
C0094,Starter,2023-01-20,2023-08-01,29,0
C0095,Starter,2023-01-20,2024-09-01,29,0
C0096,Starter,2023-01-20,,29,0
C0097,Starter,2023-01-21,2023-06-01,29,0
C0098,Starter,2023-01-21,2024-03-01,29,0
C0099,Starter,2023-01-21,2024-09-01,29,2
C0100,Starter,2023-01-21,2023-02-01,29,2
C0101,Pro,2023-01-21,2023-03-01,99,2
C0102,Starter,2023-01-21,2023-02-01,29,0
C0103,Starter,2023-01-21,2023-12-01,29,0
C0104,Starter,2023-01-22,2024-01-01,29,0
C0105,Starter,2023-01-22,2023-08-01,29,0
C0106,Starter,2023-01-24,,29,0
C0107,Starter,2023-01-24,2023-08-01,29,0
C0108,Pro,2023-01-24,,99,0
C0109,Pro,2023-01-24,2023-07-01,99,0
C0110,Starter,2023-01-24,2023-08-01,29,1
C0111,Starter,2023-01-25,2023-09-01,29,0
C0112,Pro,2023-01-26,2023-10-01,99,0
C0113,Starter,2023-01-26,2023-02-01,29,0
C0114,Starter,2023-01-26,,29,0
C0115,Starter,2023-01-26,2023-03-01,29,0
C0116,Pro,2023-01-26,2023-03-01,99,0
C0117,Pro,2023-01-27,2024-01-01,99,0
C0118,Enterprise,2023-01-27,2024-03-01,399,0
C0119,Pro,2023-01-27,2024-02-01,99,0
C0120,Starter,2023-01-27,,29,0
C0121,Starter,2023-01-27,2023-09-01,29,0
C0122,Starter,2023-01-28,2024-02-01,29,0
C0123,Starter,2023-01-28,2023-02-01,29,0
C0124,Pro,2023-01-28,2023-05-01,99,2
C0125,Pro,2023-01-28,2024-07-01,99,0
C0126,Starter,2023-01-28,2023-09-01,29,0
C0127,Starter,2023-01-29,,29,0
C0128,Enterprise,2023-01-29,,399,0
C0129,Starter,2023-01-29,2024-02-01,29,2
C0130,Pro,2023-01-30,2023-03-01,99,0
C0131,Starter,2023-01-30,2024-11-01,29,0
C0132,Starter,2023-01-30,2024-06-01,29,0
C0133,Starter,2023-01-30,,29,2
C0134,Pro,2023-01-30,2024-05-01,99,0
C0135,Starter,2023-01-31,2024-12-01,29,0
C0136,Pro,2023-01-31,,99,0
C0137,Enterprise,2023-01-31,2024-08-01,399,0
C0138,Starter,2023-01-31,,29,0
C0139,Pro,2023-01-31,2023-05-01,99,0
C0140,Starter,2023-01-31,2023-08-01,29,0
C0141,Starter,2023-01-31,,29,0
C0142,Starter,2023-02-01,2023-05-01,29,0
C0143,Starter,2023-02-01,2024-01-01,29,0
C0144,Enterprise,2023-02-01,,399,0
C0145,Enterprise,2023-02-02,2024-02-01,399,0
C0146,Starter,2023-02-02,,29,2
C0147,Pro,2023-02-02,2023-11-01,99,0
C0148,Pro,2023-02-02,,99,0
C0149,Starter,2023-02-02,2023-05-01,29,2
C0150,Starter,2023-02-02,,29,0
C0151,Starter,2023-02-03,2023-08-01,29,0
C0152,Starter,2023-02-03,2023-06-01,29,0
C0153,Starter,2023-02-03,2024-02-01,29,1
C0154,Starter,2023-02-03,2024-03-01,29,0
C0155,Pro,2023-02-03,2023-12-01,99,0
C0156,Starter,2023-02-03,,29,0
C0157,Starter,2023-02-04,2024-04-01,29,0
C0158,Enterprise,2023-02-04,2023-09-01,399,0
C0159,Pro,2023-02-04,2023-03-01,99,0
C0160,Pro,2023-02-05,2023-07-01,99,0
C0161,Starter,2023-02-05,2024-03-01,29,0
C0162,Starter,2023-02-05,2023-04-01,29,0
C0163,Starter,2023-02-05,,29,0
C0164,Starter,2023-02-05,,29,0
C0165,Pro,2023-02-05,,99,2
C0166,Starter,2023-02-06,2023-11-01,29,0
C0167,Enterprise,2023-02-06,,399,0
C0168,Pro,2023-02-06,,99,0
C0169,Starter,2023-02-06,,29,1
C0170,Starter,2023-02-06,,29,0
C0171,Starter,2023-02-07,2024-02-01,29,0
C0172,Pro,2023-02-07,2023-03-01,99,1
C0173,Starter,2023-02-07,,29,0
C0174,Pro,2023-02-07,,99,0
C0175,Starter,2023-02-07,2024-01-01,29,0
C0176,Starter,2023-02-07,2024-03-01,29,0
C0177,Starter,2023-02-07,2023-06-01,29,0
C0178,Pro,2023-02-08,,99,0
C0179,Pro,2023-02-08,,99,0
C0180,Starter,2023-02-08,2024-09-01,29,1
C0181,Pro,2023-02-08,,99,0
C0182,Pro,2023-02-08,,99,1
C0183,Starter,2023-02-09,2023-04-01,29,0
C0184,Starter,2023-02-09,2024-02-01,29,0
C0185,Pro,2023-02-09,2024-05-01,99,0
C0186,Enterprise,2023-02-09,2024-09-01,399,0
C0187,Starter,2023-02-09,2024-08-01,29,0
C0188,Pro,2023-02-09,,99,0
C0189,Starter,2023-02-10,2023-11-01,29,0
C0190,Starter,2023-02-10,2024-09-01,29,0
C0191,Starter,2023-02-10,,29,2
C0192,Starter,2023-02-10,2024-06-01,29,0
C0193,Enterprise,2023-02-10,2023-12-01,399,0
C0194,Pro,2023-02-10,2024-02-01,99,0
C0195,Pro,2023-02-11,,99,0
C0196,Pro,2023-02-11,2024-05-01,99,0
C0197,Starter,2023-02-11,2024-04-01,29,0
C0198,Pro,2023-02-11,2023-04-01,99,0
C0199,Starter,2023-02-12,2024-10-01,29,0
C0200,Starter,2023-02-12,2024-11-01,29,0
C0201,Pro,2023-02-12,2023-08-01,99,0
C0202,Starter,2023-02-12,2023-08-01,29,2
C0203,Starter,2023-02-13,2023-11-01,29,0
C0204,Starter,2023-02-13,2023-05-01,29,0
C0205,Starter,2023-02-13,,29,0
C0206,Starter,2023-02-13,2024-02-01,29,2
C0207,Pro,2023-02-13,,99,2
C0208,Enterprise,2023-02-14,,399,0
C0209,Starter,2023-02-14,,29,2
C0210,Pro,2023-02-14,,99,0
C0211,Pro,2023-02-15,,99,0
C0212,Starter,2023-02-15,,29,0
C0213,Enterprise,2023-02-15,,399,0
C0214,Pro,2023-02-15,2024-05-01,99,0
C0215,Pro,2023-02-15,,99,0
C0216,Starter,2023-02-15,,29,0
C0217,Starter,2023-02-16,2024-05-01,29,0
C0218,Starter,2023-02-16,2023-05-01,29,0
C0219,Pro,2023-02-16,,99,0
C0220,Enterprise,2023-02-16,2024-03-01,399,0
C0221,Starter,2023-02-16,,29,0
C0222,Pro,2023-02-17,2024-03-01,99,0
C0223,Starter,2023-02-17,,29,1
C0224,Starter,2023-02-17,,29,0
C0225,Pro,2023-02-18,,99,0
C0226,Starter,2023-02-18,,29,0
C0227,Starter,2023-02-18,2023-04-01,29,0
C0228,Pro,2023-02-18,,99,0
C0229,Starter,2023-02-18,2024-04-01,29,0
C0230,Starter,2023-02-19,2023-04-01,29,0
C0231,Pro,2023-02-19,2023-11-01,99,0
C0232,Starter,2023-02-19,,29,0
C0233,Pro,2023-02-19,2023-07-01,99,0
C0234,Pro,2023-02-19,,99,0
C0235,Starter,2023-02-20,2023-09-01,29,0
C0236,Pro,2023-02-20,2023-06-01,99,0
C0237,Starter,2023-02-21,2023-08-01,29,0
C0238,Pro,2023-02-21,,99,1
C0239,Starter,2023-02-21,2023-12-01,29,0
C0240,Enterprise,2023-02-21,,399,0
C0241,Enterprise,2023-02-21,,399,0
C0242,Starter,2023-02-22,2024-01-01,29,0
C0243,Starter,2023-02-22,2024-02-01,29,0
C0244,Starter,2023-02-22,2023-05-01,29,0
C0245,Starter,2023-02-22,2023-05-01,29,2
C0246,Pro,2023-02-23,,99,0
C0247,Enterprise,2023-02-23,,399,0
C0248,Starter,2023-02-24,2024-12-01,29,0
C0249,Pro,2023-02-24,,99,0
C0250,Starter,2023-02-24,,29,0
C0251,Starter,2023-02-24,2023-09-01,29,0
C0252,Starter,2023-02-24,2024-05-01,29,0
C0253,Starter,2023-02-24,2024-01-01,29,0
C0254,Starter,2023-02-24,2024-03-01,29,0
C0255,Pro,2023-02-25,,99,0
C0256,Enterprise,2023-02-25,2024-01-01,399,0
C0257,Pro,2023-02-25,2023-06-01,99,0
C0258,Starter,2023-02-25,2024-11-01,29,0
C0259,Pro,2023-02-25,2024-12-01,99,0
C0260,Starter,2023-02-25,2023-09-01,29,1
C0261,Starter,2023-02-26,,29,0
C0262,Pro,2023-02-26,,99,0
C0263,Enterprise,2023-02-26,2023-12-01,399,1
C0264,Enterprise,2023-02-26,2024-09-01,399,0
C0265,Pro,2023-02-26,,99,0
C0266,Pro,2023-02-26,2024-03-01,99,0
C0267,Enterprise,2023-02-26,,399,0
C0268,Enterprise,2023-02-27,,399,0
C0269,Pro,2023-02-27,2024-08-01,99,0
C0270,Starter,2023-02-28,2023-07-01,29,0
C0271,Starter,2023-02-28,,29,0
C0272,Starter,2023-02-28,2023-03-01,29,0
C0273,Starter,2023-03-01,2023-08-01,29,0
C0274,Starter,2023-03-01,,29,0
C0275,Pro,2023-03-01,2024-01-01,99,0
C0276,Pro,2023-03-01,2024-06-01,99,0
C0277,Starter,2023-03-02,,29,0
C0278,Pro,2023-03-02,2023-06-01,99,0
C0279,Starter,2023-03-02,,29,0
C0280,Starter,2023-03-02,,29,0
C0281,Starter,2023-03-02,2024-06-01,29,0
C0282,Enterprise,2023-03-02,2024-05-01,399,0
C0283,Pro,2023-03-02,2023-04-01,99,0
C0284,Starter,2023-03-03,2023-05-01,29,2
C0285,Starter,2023-03-03,,29,0
C0286,Pro,2023-03-03,,99,2
C0287,Starter,2023-03-03,2023-09-01,29,0
C0288,Starter,2023-03-03,,29,0
C0289,Starter,2023-03-03,,29,0
C0290,Pro,2023-03-04,2024-09-01,99,0
C0291,Enterprise,2023-03-04,2023-11-01,399,1
C0292,Starter,2023-03-04,2023-11-01,29,2
C0293,Starter,2023-03-05,2024-09-01,29,0
C0294,Starter,2023-03-05,2024-03-01,29,0
C0295,Starter,2023-03-05,2024-03-01,29,1
C0296,Enterprise,2023-03-05,,399,0
C0297,Pro,2023-03-06,,99,0
C0298,Pro,2023-03-06,2023-10-01,99,0
C0299,Starter,2023-03-06,,29,0
C0300,Starter,2023-03-06,,29,2
C0301,Starter,2023-03-06,2024-02-01,29,2
C0302,Starter,2023-03-06,2024-07-01,29,0
C0303,Enterprise,2023-03-07,,399,0
C0304,Starter,2023-03-07,2024-09-01,29,0
C0305,Pro,2023-03-07,,99,0
C0306,Pro,2023-03-07,2024-08-01,99,0
C0307,Starter,2023-03-07,2023-05-01,29,0
C0308,Pro,2023-03-07,2024-02-01,99,0
C0309,Starter,2023-03-08,2023-06-01,29,0
C0310,Enterprise,2023-03-08,,399,0
C0311,Pro,2023-03-08,,99,0
C0312,Pro,2023-03-08,,99,1
C0313,Pro,2023-03-09,,99,2
C0314,Starter,2023-03-09,,29,0
C0315,Starter,2023-03-09,2023-10-01,29,0
C0316,Starter,2023-03-10,2024-02-01,29,0
C0317,Starter,2023-03-11,2024-04-01,29,0
C0318,Pro,2023-03-11,2023-12-01,99,0
C0319,Enterprise,2023-03-11,,399,0
C0320,Enterprise,2023-03-12,2023-11-01,399,0
C0321,Starter,2023-03-12,2023-04-01,29,0
C0322,Enterprise,2023-03-12,,399,0
C0323,Pro,2023-03-13,2024-03-01,99,0
C0324,Starter,2023-03-13,2023-06-01,29,0
C0325,Pro,2023-03-13,2023-06-01,99,0
C0326,Starter,2023-03-13,2023-10-01,29,0
C0327,Pro,2023-03-13,,99,0
C0328,Starter,2023-03-14,2024-02-01,29,0
C0329,Pro,2023-03-14,2023-06-01,99,0
C0330,Pro,2023-03-14,2023-12-01,99,0
C0331,Starter,2023-03-14,2024-06-01,29,0
C0332,Starter,2023-03-14,2024-07-01,29,0
C0333,Starter,2023-03-14,2023-07-01,29,1
C0334,Enterprise,2023-03-14,2023-09-01,399,1
C0335,Starter,2023-03-15,2023-05-01,29,2
C0336,Pro,2023-03-15,,99,1
C0337,Pro,2023-03-15,,99,0
C0338,Starter,2023-03-16,2024-02-01,29,0
C0339,Pro,2023-03-16,,99,0
C0340,Starter,2023-03-16,2024-10-01,29,1
C0341,Starter,2023-03-16,,29,0
C0342,Starter,2023-03-17,,29,0
C0343,Enterprise,2023-03-17,,399,0
C0344,Pro,2023-03-18,2024-12-01,99,0
C0345,Pro,2023-03-18,2023-04-01,99,0
C0346,Starter,2023-03-18,,29,0
C0347,Starter,2023-03-18,2023-04-01,29,0
C0348,Enterprise,2023-03-18,,399,2
C0349,Pro,2023-03-19,,99,0
C0350,Starter,2023-03-19,2023-04-01,29,0
C0351,Starter,2023-03-19,2024-06-01,29,0
C0352,Starter,2023-03-19,2023-08-01,29,0
C0353,Pro,2023-03-20,,99,0
C0354,Enterprise,2023-03-20,,399,0
C0355,Pro,2023-03-20,,99,1
C0356,Starter,2023-03-20,2023-05-01,29,0
C0357,Starter,2023-03-20,2023-10-01,29,2
C0358,Pro,2023-03-21,,99,0
C0359,Pro,2023-03-22,,99,0
C0360,Starter,2023-03-22,2024-07-01,29,0
C0361,Pro,2023-03-22,2023-10-01,99,0
C0362,Pro,2023-03-22,,99,0
C0363,Starter,2023-03-22,2023-06-01,29,0
C0364,Starter,2023-03-23,,29,0
C0365,Starter,2023-03-23,2024-02-01,29,0
C0366,Pro,2023-03-23,2023-12-01,99,0
C0367,Starter,2023-03-23,2023-06-01,29,0
C0368,Pro,2023-03-24,2023-08-01,99,0
C0369,Starter,2023-03-24,2023-06-01,29,0
C0370,Starter,2023-03-24,2023-05-01,29,2
C0371,Pro,2023-03-25,2023-09-01,99,2
C0372,Starter,2023-03-25,2023-11-01,29,2
C0373,Pro,2023-03-25,,99,2
C0374,Starter,2023-03-25,2024-02-01,29,0
C0375,Starter,2023-03-25,2023-05-01,29,1
C0376,Pro,2023-03-25,2024-01-01,99,0
C0377,Enterprise,2023-03-25,,399,0
C0378,Pro,2023-03-26,,99,2
C0379,Starter,2023-03-26,2024-05-01,29,0
C0380,Pro,2023-03-26,,99,0
C0381,Starter,2023-03-26,2024-06-01,29,2
C0382,Pro,2023-03-27,,99,0
C0383,Enterprise,2023-03-27,,399,0
C0384,Starter,2023-03-27,2024-08-01,29,0
C0385,Pro,2023-03-27,2023-04-01,99,0
C0386,Pro,2023-03-27,2023-11-01,99,0
C0387,Pro,2023-03-27,,99,0
C0388,Starter,2023-03-27,2024-01-01,29,0
C0389,Starter,2023-03-28,2023-11-01,29,0
C0390,Starter,2023-03-28,2024-01-01,29,0
C0391,Pro,2023-03-29,2024-11-01,99,0
C0392,Starter,2023-03-29,2023-08-01,29,0
C0393,Pro,2023-03-29,,99,0
C0394,Pro,2023-03-29,,99,0
C0395,Starter,2023-03-29,2024-03-01,29,0
C0396,Pro,2023-03-29,,99,0
C0397,Pro,2023-03-29,2024-01-01,99,0
C0398,Enterprise,2023-03-29,,399,0
C0399,Starter,2023-03-29,2024-10-01,29,0
C0400,Enterprise,2023-03-29,2023-07-01,399,0
C0401,Pro,2023-03-30,2023-11-01,99,2
C0402,Enterprise,2023-03-30,,399,0
C0403,Enterprise,2023-03-31,,399,0
C0404,Pro,2023-03-31,,99,0
C0405,Starter,2023-03-31,2023-10-01,29,0
C0406,Starter,2023-03-31,2023-10-01,29,0
C0407,Pro,2023-03-31,2024-05-01,99,0
C0408,Starter,2023-03-31,,29,2
C0409,Starter,2023-04-01,2024-12-01,29,0
C0410,Starter,2023-04-01,,29,2
C0411,Pro,2023-04-01,2024-12-01,99,0
C0412,Starter,2023-04-01,2024-01-01,29,0
C0413,Starter,2023-04-01,2024-10-01,29,0
C0414,Pro,2023-04-01,,99,0
C0415,Pro,2023-04-02,2024-07-01,99,0
C0416,Starter,2023-04-02,,29,0
C0417,Enterprise,2023-04-03,,399,0
C0418,Starter,2023-04-04,2024-06-01,29,0
C0419,Starter,2023-04-04,2023-10-01,29,0
C0420,Starter,2023-04-05,2023-10-01,29,0
C0421,Starter,2023-04-06,,29,0
C0422,Starter,2023-04-06,2024-08-01,29,0
C0423,Starter,2023-04-06,2024-09-01,29,1
C0424,Pro,2023-04-06,,99,0
C0425,Pro,2023-04-07,,99,2
C0426,Pro,2023-04-08,2024-05-01,99,0
C0427,Starter,2023-04-08,,29,0
C0428,Starter,2023-04-08,2024-07-01,29,0
C0429,Starter,2023-04-08,,29,0
C0430,Pro,2023-04-09,2024-06-01,99,1
C0431,Starter,2023-04-09,2024-09-01,29,1
C0432,Pro,2023-04-09,,99,0
C0433,Pro,2023-04-09,2023-10-01,99,0
C0434,Pro,2023-04-10,2024-02-01,99,1
C0435,Pro,2023-04-10,,99,2
C0436,Starter,2023-04-11,2023-08-01,29,0
C0437,Starter,2023-04-11,2024-06-01,29,1
C0438,Pro,2023-04-11,2023-09-01,99,0
C0439,Starter,2023-04-11,,29,0
C0440,Starter,2023-04-12,2024-12-01,29,2
C0441,Pro,2023-04-12,2023-06-01,99,2
C0442,Pro,2023-04-13,2023-05-01,99,0
C0443,Pro,2023-04-13,,99,0
C0444,Pro,2023-04-13,,99,0
C0445,Starter,2023-04-14,2024-04-01,29,0
C0446,Pro,2023-04-14,2024-08-01,99,0
C0447,Pro,2023-04-15,2023-12-01,99,0
C0448,Pro,2023-04-15,,99,0
C0449,Starter,2023-04-15,,29,0
C0450,Starter,2023-04-15,2023-10-01,29,1
C0451,Starter,2023-04-15,2024-02-01,29,0
C0452,Pro,2023-04-16,2023-11-01,99,0
C0453,Pro,2023-04-16,2024-02-01,99,0
C0454,Pro,2023-04-17,,99,0
C0455,Pro,2023-04-17,2023-07-01,99,1
C0456,Pro,2023-04-17,2024-06-01,99,0
C0457,Starter,2023-04-17,,29,1
C0458,Pro,2023-04-17,2023-12-01,99,0
C0459,Pro,2023-04-18,2024-10-01,99,1
C0460,Starter,2023-04-19,2023-06-01,29,2
C0461,Starter,2023-04-19,,29,2
C0462,Starter,2023-04-20,,29,0
C0463,Starter,2023-04-20,2024-09-01,29,0
C0464,Pro,2023-04-20,,99,0
C0465,Enterprise,2023-04-20,2024-12-01,399,0
C0466,Enterprise,2023-04-20,,399,0
C0467,Starter,2023-04-21,,29,0
C0468,Starter,2023-04-21,2024-08-01,29,0
C0469,Pro,2023-04-21,2024-08-01,99,0
C0470,Enterprise,2023-04-22,,399,0
C0471,Starter,2023-04-22,,29,2
C0472,Starter,2023-04-22,2024-08-01,29,0
C0473,Starter,2023-04-22,2023-08-01,29,1
C0474,Starter,2023-04-23,2024-05-01,29,0
C0475,Pro,2023-04-23,,99,0
C0476,Pro,2023-04-23,2023-05-01,99,0
C0477,Enterprise,2023-04-24,,399,1
C0478,Enterprise,2023-04-24,,399,0
C0479,Pro,2023-04-24,,99,0
C0480,Pro,2023-04-24,2023-05-01,99,0
C0481,Starter,2023-04-24,,29,0
C0482,Enterprise,2023-04-25,,399,0
C0483,Pro,2023-04-25,2024-11-01,99,0
C0484,Starter,2023-04-25,2023-05-01,29,0
C0485,Pro,2023-04-25,,99,0
C0486,Starter,2023-04-26,2023-11-01,29,0
C0487,Pro,2023-04-26,2023-05-01,99,2
C0488,Starter,2023-04-26,2023-09-01,29,0
C0489,Starter,2023-04-26,2024-10-01,29,0
C0490,Pro,2023-04-27,,99,0
C0491,Starter,2023-04-27,2023-08-01,29,0
C0492,Pro,2023-04-27,,99,0
C0493,Enterprise,2023-04-28,,399,0
C0494,Starter,2023-04-28,2023-10-01,29,0
C0495,Starter,2023-04-29,2023-05-01,29,0
C0496,Pro,2023-04-29,,99,0
C0497,Starter,2023-04-29,2023-06-01,29,0
C0498,Pro,2023-04-29,2023-08-01,99,2
C0499,Pro,2023-04-29,2024-07-01,99,0
C0500,Enterprise,2023-04-29,2024-09-01,399,0
C0501,Starter,2023-04-30,,29,0
C0502,Starter,2023-04-30,2024-05-01,29,0
C0503,Enterprise,2023-04-30,,399,0
C0504,Starter,2023-04-30,2023-11-01,29,0
C0505,Enterprise,2023-05-01,2023-06-01,399,0
C0506,Enterprise,2023-05-01,2023-06-01,399,0
C0507,Starter,2023-05-01,,29,0
C0508,Starter,2023-05-02,2024-02-01,29,0
C0509,Starter,2023-05-02,,29,0
C0510,Pro,2023-05-02,2024-04-01,99,0
C0511,Starter,2023-05-02,,29,0
C0512,Starter,2023-05-02,,29,0
C0513,Starter,2023-05-03,2023-12-01,29,0
C0514,Starter,2023-05-03,,29,0
C0515,Starter,2023-05-03,,29,1
C0516,Starter,2023-05-04,2024-01-01,29,2
C0517,Starter,2023-05-04,2024-01-01,29,0
C0518,Starter,2023-05-04,2023-12-01,29,0
C0519,Starter,2023-05-05,2024-03-01,29,0
C0520,Starter,2023-05-05,2023-10-01,29,0
C0521,Starter,2023-05-05,2023-10-01,29,0
C0522,Starter,2023-05-05,,29,0
C0523,Pro,2023-05-05,,99,0
C0524,Enterprise,2023-05-06,,399,0
C0525,Pro,2023-05-06,,99,0
C0526,Starter,2023-05-06,2023-07-01,29,0
C0527,Pro,2023-05-06,2023-06-01,99,0
C0528,Pro,2023-05-07,,99,0
C0529,Starter,2023-05-08,2024-12-01,29,2
C0530,Pro,2023-05-08,2024-08-01,99,0
C0531,Enterprise,2023-05-08,,399,0
C0532,Pro,2023-05-08,2024-06-01,99,0
C0533,Starter,2023-05-09,2023-11-01,29,0
C0534,Pro,2023-05-09,,99,0
C0535,Starter,2023-05-10,2024-10-01,29,0
C0536,Starter,2023-05-10,,29,0
C0537,Enterprise,2023-05-11,,399,0
C0538,Starter,2023-05-11,2023-10-01,29,0
C0539,Starter,2023-05-11,2023-08-01,29,0
C0540,Pro,2023-05-11,2024-02-01,99,2
C0541,Pro,2023-05-11,2023-07-01,99,0
C0542,Enterprise,2023-05-11,,399,0
C0543,Starter,2023-05-12,2024-07-01,29,0
C0544,Pro,2023-05-12,2024-03-01,99,0
C0545,Starter,2023-05-12,2023-09-01,29,0
C0546,Starter,2023-05-12,2024-05-01,29,0
C0547,Starter,2023-05-12,2024-06-01,29,2
C0548,Enterprise,2023-05-12,2024-01-01,399,0
C0549,Pro,2023-05-14,,99,0
C0550,Starter,2023-05-14,,29,0
C0551,Pro,2023-05-15,2023-06-01,99,0
C0552,Starter,2023-05-15,,29,0
C0553,Starter,2023-05-16,2024-06-01,29,0
C0554,Enterprise,2023-05-17,,399,0
C0555,Starter,2023-05-17,2023-06-01,29,0
C0556,Starter,2023-05-18,2024-09-01,29,0
C0557,Starter,2023-05-18,2024-08-01,29,1
C0558,Starter,2023-05-18,2023-08-01,29,2
C0559,Pro,2023-05-18,2023-12-01,99,0
C0560,Starter,2023-05-18,2024-04-01,29,0
C0561,Pro,2023-05-19,2024-06-01,99,0
C0562,Starter,2023-05-19,2024-10-01,29,0
C0563,Enterprise,2023-05-19,,399,1
C0564,Starter,2023-05-20,,29,1
C0565,Pro,2023-05-20,2023-08-01,99,0
C0566,Starter,2023-05-20,,29,0
C0567,Enterprise,2023-05-20,,399,0
C0568,Pro,2023-05-20,2023-07-01,99,0
C0569,Enterprise,2023-05-20,2023-06-01,399,0
C0570,Starter,2023-05-21,2023-07-01,29,0
C0571,Starter,2023-05-21,,29,0
C0572,Pro,2023-05-21,2024-04-01,99,0
C0573,Starter,2023-05-21,,29,0
C0574,Starter,2023-05-21,2024-09-01,29,0
C0575,Enterprise,2023-05-22,2024-09-01,399,0
C0576,Enterprise,2023-05-22,2024-02-01,399,0
C0577,Starter,2023-05-23,,29,1
C0578,Enterprise,2023-05-24,,399,0
C0579,Starter,2023-05-24,2024-01-01,29,0
C0580,Pro,2023-05-24,2023-06-01,99,0
C0581,Enterprise,2023-05-24,,399,0
C0582,Starter,2023-05-25,,29,0
C0583,Pro,2023-05-25,,99,0
C0584,Enterprise,2023-05-25,2023-09-01,399,0
C0585,Starter,2023-05-26,,29,0
C0586,Starter,2023-05-26,,29,0
C0587,Starter,2023-05-26,2024-03-01,29,1
C0588,Pro,2023-05-27,,99,1
C0589,Starter,2023-05-27,,29,2
C0590,Starter,2023-05-27,,29,0
C0591,Pro,2023-05-27,,99,2
C0592,Pro,2023-05-28,2024-08-01,99,0
C0593,Pro,2023-05-28,2023-12-01,99,0
C0594,Enterprise,2023-05-28,2024-01-01,399,0
C0595,Starter,2023-05-29,2024-10-01,29,0
C0596,Starter,2023-05-29,2024-07-01,29,0
C0597,Starter,2023-05-30,2024-07-01,29,0
C0598,Starter,2023-05-30,2024-09-01,29,0
C0599,Starter,2023-05-30,2024-01-01,29,0
C0600,Starter,2023-05-31,2023-08-01,29,1
C0601,Starter,2023-06-01,2024-06-01,29,0
C0602,Enterprise,2023-06-01,2024-10-01,399,0
C0603,Starter,2023-06-01,2024-07-01,29,0
C0604,Starter,2023-06-01,2024-08-01,29,2
C0605,Starter,2023-06-01,,29,2
C0606,Pro,2023-06-02,2023-10-01,99,0
C0607,Pro,2023-06-02,,99,0
C0608,Starter,2023-06-02,2024-01-01,29,0
C0609,Starter,2023-06-03,2024-06-01,29,0
C0610,Starter,2023-06-03,2024-11-01,29,0
C0611,Starter,2023-06-04,2024-06-01,29,1
C0612,Starter,2023-06-04,2023-10-01,29,0
C0613,Enterprise,2023-06-04,,399,0
C0614,Pro,2023-06-04,,99,1
C0615,Starter,2023-06-05,2024-02-01,29,0
C0616,Pro,2023-06-06,2024-07-01,99,0
C0617,Pro,2023-06-06,2024-04-01,99,2
C0618,Starter,2023-06-07,2023-07-01,29,0
C0619,Pro,2023-06-08,2023-12-01,99,0
C0620,Pro,2023-06-08,,99,0
C0621,Pro,2023-06-08,,99,0
C0622,Starter,2023-06-09,2023-07-01,29,0
C0623,Starter,2023-06-09,,29,0
C0624,Starter,2023-06-09,2023-10-01,29,0
C0625,Starter,2023-06-09,,29,0
C0626,Starter,2023-06-10,,29,0
C0627,Pro,2023-06-10,2023-10-01,99,0
C0628,Pro,2023-06-11,2023-12-01,99,0
C0629,Enterprise,2023-06-12,,399,1
C0630,Pro,2023-06-12,,99,0
C0631,Pro,2023-06-13,2024-12-01,99,0
C0632,Starter,2023-06-13,2024-03-01,29,0
C0633,Starter,2023-06-13,2023-10-01,29,0
C0634,Pro,2023-06-13,2024-03-01,99,0
C0635,Enterprise,2023-06-13,,399,1
C0636,Starter,2023-06-15,2024-01-01,29,0
C0637,Pro,2023-06-15,2023-09-01,99,0
C0638,Starter,2023-06-15,,29,0
C0639,Enterprise,2023-06-16,,399,0
C0640,Starter,2023-06-16,2024-03-01,29,0
C0641,Enterprise,2023-06-17,,399,2
C0642,Starter,2023-06-18,2024-02-01,29,0
C0643,Pro,2023-06-18,2023-12-01,99,0
C0644,Starter,2023-06-18,,29,0
C0645,Pro,2023-06-18,,99,2
C0646,Pro,2023-06-18,2023-10-01,99,0
C0647,Starter,2023-06-19,2023-07-01,29,0
C0648,Enterprise,2023-06-20,2024-10-01,399,0
C0649,Starter,2023-06-20,2024-06-01,29,0
C0650,Pro,2023-06-20,,99,0
C0651,Starter,2023-06-20,2023-08-01,29,1
C0652,Starter,2023-06-21,2023-11-01,29,0
C0653,Enterprise,2023-06-21,2024-10-01,399,0
C0654,Starter,2023-06-21,2024-08-01,29,0
C0655,Starter,2023-06-21,,29,0
C0656,Pro,2023-06-21,2023-07-01,99,1
C0657,Pro,2023-06-21,,99,0
C0658,Pro,2023-06-22,2024-05-01,99,0
C0659,Starter,2023-06-22,2024-02-01,29,0
C0660,Pro,2023-06-22,,99,0
C0661,Pro,2023-06-22,,99,0
C0662,Starter,2023-06-23,,29,0
C0663,Starter,2023-06-23,2024-06-01,29,0
C0664,Enterprise,2023-06-23,,399,0
C0665,Pro,2023-06-23,2024-06-01,99,1
C0666,Starter,2023-06-24,2023-11-01,29,0
C0667,Pro,2023-06-24,,99,0
C0668,Pro,2023-06-24,2024-03-01,99,0
C0669,Starter,2023-06-25,2024-05-01,29,0
C0670,Starter,2023-06-27,,29,0
C0671,Starter,2023-06-27,2023-09-01,29,0
C0672,Starter,2023-06-28,,29,0
C0673,Enterprise,2023-06-28,,399,1
C0674,Starter,2023-06-28,,29,0
C0675,Pro,2023-06-28,,99,0
C0676,Pro,2023-06-28,2023-10-01,99,0
C0677,Pro,2023-06-28,,99,1
C0678,Starter,2023-06-29,2024-06-01,29,0
C0679,Starter,2023-06-29,2023-08-01,29,0
C0680,Pro,2023-06-30,,99,0
C0681,Enterprise,2023-06-30,,399,0
C0682,Pro,2023-06-30,,99,0
C0683,Starter,2023-06-30,,29,0
C0684,Starter,2023-07-01,2023-10-01,29,0
C0685,Pro,2023-07-01,2023-12-01,99,0
C0686,Starter,2023-07-01,2023-08-01,29,0
C0687,Enterprise,2023-07-02,,399,0
C0688,Starter,2023-07-02,,29,0
C0689,Enterprise,2023-07-02,,399,0
C0690,Enterprise,2023-07-03,,399,0
C0691,Starter,2023-07-03,2024-01-01,29,0
C0692,Pro,2023-07-03,,99,0
C0693,Starter,2023-07-05,,29,0
C0694,Starter,2023-07-05,2024-09-01,29,0
C0695,Pro,2023-07-05,,99,2
C0696,Starter,2023-07-05,2024-06-01,29,0
C0697,Pro,2023-07-06,2024-02-01,99,0
C0698,Starter,2023-07-06,2023-08-01,29,0
C0699,Starter,2023-07-06,2023-10-01,29,0
C0700,Starter,2023-07-07,2024-04-01,29,0
C0701,Pro,2023-07-07,2024-12-01,99,0
C0702,Starter,2023-07-07,,29,1
C0703,Enterprise,2023-07-07,2024-07-01,399,0
C0704,Pro,2023-07-08,2024-03-01,99,1
C0705,Starter,2023-07-08,,29,1
C0706,Starter,2023-07-08,2024-10-01,29,0
C0707,Starter,2023-07-09,2023-08-01,29,0
C0708,Pro,2023-07-09,,99,0
C0709,Pro,2023-07-09,,99,0
C0710,Enterprise,2023-07-09,,399,0
C0711,Starter,2023-07-09,2023-08-01,29,0
C0712,Pro,2023-07-10,2024-11-01,99,0
C0713,Pro,2023-07-10,,99,0
C0714,Pro,2023-07-10,,99,0
C0715,Starter,2023-07-11,2024-08-01,29,0
C0716,Pro,2023-07-12,2023-09-01,99,0
C0717,Pro,2023-07-12,,99,0
C0718,Starter,2023-07-12,,29,0
C0719,Starter,2023-07-12,2024-03-01,29,2
C0720,Enterprise,2023-07-12,,399,0
C0721,Pro,2023-07-12,2023-09-01,99,0
C0722,Starter,2023-07-13,,29,0
C0723,Starter,2023-07-14,2024-12-01,29,2
C0724,Starter,2023-07-14,2024-04-01,29,0
C0725,Starter,2023-07-14,,29,0
C0726,Enterprise,2023-07-14,,399,0
C0727,Starter,2023-07-15,2023-12-01,29,1
C0728,Pro,2023-07-15,,99,0
C0729,Starter,2023-07-15,,29,0
C0730,Pro,2023-07-16,2024-03-01,99,0
C0731,Pro,2023-07-17,,99,0
C0732,Pro,2023-07-17,,99,0
C0733,Starter,2023-07-17,2024-01-01,29,0
C0734,Pro,2023-07-17,2024-08-01,99,0
C0735,Starter,2023-07-18,2023-09-01,29,0
C0736,Starter,2023-07-19,2024-03-01,29,0
C0737,Starter,2023-07-19,2024-03-01,29,0
C0738,Pro,2023-07-20,2023-09-01,99,0
C0739,Pro,2023-07-20,,99,0
C0740,Starter,2023-07-20,,29,0
C0741,Starter,2023-07-20,2024-09-01,29,0
C0742,Pro,2023-07-20,,99,0
C0743,Starter,2023-07-21,,29,0
C0744,Starter,2023-07-21,2023-09-01,29,0
C0745,Starter,2023-07-21,,29,0
C0746,Starter,2023-07-22,,29,0
C0747,Pro,2023-07-22,2024-10-01,99,0
C0748,Starter,2023-07-22,,29,0
C0749,Starter,2023-07-23,2023-10-01,29,0
C0750,Starter,2023-07-23,2024-02-01,29,0
C0751,Starter,2023-07-23,2024-11-01,29,1
C0752,Pro,2023-07-24,,99,0
C0753,Enterprise,2023-07-24,2023-09-01,399,0
C0754,Starter,2023-07-24,2024-10-01,29,0
C0755,Starter,2023-07-25,,29,2
C0756,Starter,2023-07-25,,29,0
C0757,Pro,2023-07-25,,99,0
C0758,Enterprise,2023-07-25,,399,0
C0759,Pro,2023-07-26,2023-10-01,99,0
C0760,Starter,2023-07-26,2024-03-01,29,0
C0761,Starter,2023-07-26,2024-01-01,29,0
C0762,Starter,2023-07-26,,29,0
C0763,Enterprise,2023-07-27,,399,0
C0764,Pro,2023-07-27,,99,0
C0765,Pro,2023-07-29,,99,1
C0766,Starter,2023-07-29,,29,0
C0767,Starter,2023-07-29,2024-01-01,29,0
C0768,Enterprise,2023-07-29,,399,0
C0769,Pro,2023-07-30,,99,0
C0770,Pro,2023-07-30,,99,0
C0771,Starter,2023-07-31,,29,2
C0772,Enterprise,2023-08-01,,399,0
C0773,Pro,2023-08-01,2024-01-01,99,2
C0774,Pro,2023-08-01,2023-12-01,99,0
C0775,Pro,2023-08-01,,99,0
C0776,Enterprise,2023-08-02,,399,2
C0777,Starter,2023-08-03,,29,0
C0778,Starter,2023-08-04,2024-02-01,29,0
C0779,Starter,2023-08-04,2024-09-01,29,0
C0780,Enterprise,2023-08-04,2024-05-01,399,0
C0781,Starter,2023-08-04,2024-07-01,29,0
C0782,Pro,2023-08-04,2024-02-01,99,0
C0783,Pro,2023-08-06,2023-12-01,99,0
C0784,Pro,2023-08-06,2024-09-01,99,0
C0785,Starter,2023-08-06,2024-05-01,29,0
C0786,Pro,2023-08-07,,99,0
C0787,Pro,2023-08-07,,99,0
C0788,Pro,2023-08-07,2023-12-01,99,0
C0789,Starter,2023-08-07,,29,0
C0790,Starter,2023-08-08,2024-04-01,29,0
C0791,Starter,2023-08-08,2023-10-01,29,0
C0792,Starter,2023-08-09,2024-05-01,29,0
C0793,Starter,2023-08-10,,29,0
C0794,Pro,2023-08-10,,99,0
C0795,Pro,2023-08-10,2023-11-01,99,1
C0796,Pro,2023-08-10,,99,0
C0797,Starter,2023-08-10,,29,0
C0798,Pro,2023-08-10,,99,0
C0799,Enterprise,2023-08-10,,399,0
C0800,Starter,2023-08-11,2023-09-01,29,0
C0801,Starter,2023-08-11,,29,0
C0802,Starter,2023-08-11,2024-08-01,29,0
C0803,Enterprise,2023-08-11,,399,0
C0804,Pro,2023-08-11,,99,0
C0805,Pro,2023-08-12,2024-07-01,99,0
C0806,Starter,2023-08-12,2024-01-01,29,0
C0807,Starter,2023-08-13,2023-11-01,29,0
C0808,Enterprise,2023-08-13,2024-10-01,399,0
C0809,Starter,2023-08-13,,29,0
C0810,Starter,2023-08-14,2024-03-01,29,2
C0811,Pro,2023-08-14,,99,0
C0812,Enterprise,2023-08-15,,399,0
C0813,Starter,2023-08-15,2024-01-01,29,2
C0814,Starter,2023-08-15,2023-12-01,29,0
C0815,Starter,2023-08-17,2024-09-01,29,0
C0816,Enterprise,2023-08-18,,399,0
C0817,Starter,2023-08-19,2023-10-01,29,0
C0818,Pro,2023-08-19,,99,0
C0819,Enterprise,2023-08-19,2024-07-01,399,1
C0820,Starter,2023-08-19,2024-08-01,29,0
C0821,Starter,2023-08-20,,29,0
C0822,Starter,2023-08-20,2024-01-01,29,1
C0823,Starter,2023-08-20,,29,0
C0824,Enterprise,2023-08-20,,399,0
C0825,Starter,2023-08-21,2023-10-01,29,0
C0826,Starter,2023-08-22,2024-07-01,29,0
C0827,Pro,2023-08-22,,99,0
C0828,Starter,2023-08-22,2024-10-01,29,0
C0829,Starter,2023-08-23,2024-08-01,29,0
C0830,Starter,2023-08-23,,29,0
C0831,Starter,2023-08-23,,29,0
C0832,Pro,2023-08-24,,99,0
C0833,Starter,2023-08-25,2023-09-01,29,2
C0834,Starter,2023-08-25,2024-10-01,29,0
C0835,Starter,2023-08-25,,29,0
C0836,Starter,2023-08-26,2023-12-01,29,0
C0837,Pro,2023-08-26,2023-12-01,99,0
C0838,Starter,2023-08-26,2024-01-01,29,0
C0839,Pro,2023-08-27,2024-09-01,99,0
C0840,Enterprise,2023-08-27,,399,0
C0841,Enterprise,2023-08-28,,399,2
C0842,Pro,2023-08-28,,99,0
C0843,Pro,2023-08-28,,99,0
C0844,Starter,2023-08-28,,29,0
C0845,Starter,2023-08-30,,29,1
C0846,Pro,2023-08-30,,99,0
C0847,Starter,2023-08-30,,29,1
C0848,Pro,2023-08-31,,99,0
C0849,Starter,2023-08-31,2024-04-01,29,0
C0850,Pro,2023-08-31,2023-12-01,99,0
C0851,Enterprise,2023-09-01,,399,1
C0852,Enterprise,2023-09-01,2024-03-01,399,0
C0853,Pro,2023-09-01,2024-12-01,99,0
C0854,Enterprise,2023-09-02,,399,0
C0855,Enterprise,2023-09-02,2024-09-01,399,0
C0856,Enterprise,2023-09-02,,399,0
C0857,Starter,2023-09-02,2024-07-01,29,1
C0858,Pro,2023-09-03,2024-02-01,99,0
C0859,Pro,2023-09-03,2024-02-01,99,0
C0860,Starter,2023-09-04,2023-11-01,29,2
C0861,Enterprise,2023-09-04,,399,0
C0862,Pro,2023-09-05,2024-04-01,99,0
C0863,Starter,2023-09-05,2024-01-01,29,0
C0864,Pro,2023-09-05,,99,0
C0865,Pro,2023-09-06,,99,0
C0866,Pro,2023-09-06,,99,0
C0867,Starter,2023-09-07,,29,0
C0868,Pro,2023-09-07,2024-03-01,99,0
C0869,Pro,2023-09-07,2024-06-01,99,0
C0870,Starter,2023-09-08,,29,0
C0871,Starter,2023-09-08,,29,0
C0872,Starter,2023-09-09,2024-08-01,29,0
C0873,Pro,2023-09-09,2024-08-01,99,0
C0874,Enterprise,2023-09-10,,399,0
C0875,Starter,2023-09-10,2024-09-01,29,2
C0876,Pro,2023-09-11,2024-06-01,99,0
C0877,Pro,2023-09-11,,99,0
C0878,Starter,2023-09-11,2024-06-01,29,0
C0879,Starter,2023-09-11,2024-05-01,29,1
C0880,Pro,2023-09-12,2024-11-01,99,0
C0881,Enterprise,2023-09-12,2024-01-01,399,0
C0882,Starter,2023-09-12,2023-11-01,29,0
C0883,Pro,2023-09-13,2023-12-01,99,2
C0884,Starter,2023-09-14,2024-04-01,29,1
C0885,Starter,2023-09-16,,29,0
C0886,Starter,2023-09-16,2024-05-01,29,0
C0887,Starter,2023-09-16,2024-07-01,29,0
C0888,Pro,2023-09-17,,99,0
C0889,Pro,2023-09-17,2024-05-01,99,1
C0890,Pro,2023-09-18,,99,0
C0891,Starter,2023-09-18,,29,0
C0892,Starter,2023-09-18,2024-02-01,29,0
C0893,Starter,2023-09-19,2023-10-01,29,0
C0894,Pro,2023-09-20,2024-09-01,99,0
C0895,Enterprise,2023-09-20,,399,0
C0896,Starter,2023-09-20,2024-12-01,29,0
C0897,Pro,2023-09-20,,99,0
C0898,Starter,2023-09-21,,29,0
C0899,Starter,2023-09-21,2024-07-01,29,2
C0900,Pro,2023-09-21,,99,1
C0901,Starter,2023-09-21,2024-07-01,29,0
C0902,Pro,2023-09-21,,99,1
C0903,Pro,2023-09-22,2024-05-01,99,0
C0904,Pro,2023-09-22,,99,0
C0905,Starter,2023-09-23,,29,0
C0906,Starter,2023-09-23,2024-05-01,29,0
C0907,Starter,2023-09-23,,29,0
C0908,Starter,2023-09-24,2024-02-01,29,0
C0909,Starter,2023-09-24,2023-11-01,29,0
C0910,Pro,2023-09-24,2024-06-01,99,0
C0911,Starter,2023-09-26,,29,0
C0912,Enterprise,2023-09-26,,399,0
C0913,Pro,2023-09-27,2024-06-01,99,0
C0914,Pro,2023-09-27,2023-12-01,99,0
C0915,Starter,2023-09-27,2024-06-01,29,0
C0916,Starter,2023-09-28,2024-07-01,29,0
C0917,Starter,2023-09-28,,29,0
C0918,Starter,2023-09-29,,29,0
C0919,Enterprise,2023-09-29,,399,0
C0920,Pro,2023-09-29,2024-10-01,99,1
C0921,Starter,2023-09-29,2024-11-01,29,0
C0922,Starter,2023-09-30,,29,0
C0923,Enterprise,2023-09-30,,399,0
C0924,Starter,2023-09-30,2023-12-01,29,0
C0925,Starter,2023-09-30,2023-11-01,29,0
C0926,Pro,2023-10-02,,99,2
C0927,Starter,2023-10-02,2024-03-01,29,0
C0928,Starter,2023-10-03,2024-03-01,29,0
C0929,Starter,2023-10-04,2024-02-01,29,0
C0930,Enterprise,2023-10-04,,399,0
C0931,Starter,2023-10-07,2024-04-01,29,1
C0932,Starter,2023-10-07,2024-06-01,29,0
C0933,Starter,2023-10-07,,29,0
C0934,Pro,2023-10-08,2024-01-01,99,0
C0935,Enterprise,2023-10-08,,399,0
C0936,Pro,2023-10-09,,99,0
C0937,Starter,2023-10-09,,29,1
C0938,Enterprise,2023-10-09,2024-05-01,399,0
C0939,Pro,2023-10-09,,99,2
C0940,Pro,2023-10-11,,99,0
C0941,Starter,2023-10-11,2024-03-01,29,0
C0942,Starter,2023-10-13,2024-04-01,29,0
C0943,Pro,2023-10-14,,99,0
C0944,Pro,2023-10-14,,99,0
C0945,Pro,2023-10-14,,99,0
C0946,Starter,2023-10-14,,29,2
C0947,Starter,2023-10-15,2024-12-01,29,1
C0948,Enterprise,2023-10-15,2024-02-01,399,0
C0949,Starter,2023-10-15,2024-05-01,29,0
C0950,Starter,2023-10-15,2024-09-01,29,0
C0951,Enterprise,2023-10-16,,399,0
C0952,Starter,2023-10-17,2024-04-01,29,0
C0953,Starter,2023-10-18,2024-09-01,29,0
C0954,Enterprise,2023-10-19,,399,0
C0955,Starter,2023-10-20,2023-12-01,29,0
C0956,Pro,2023-10-20,2024-01-01,99,0
C0957,Pro,2023-10-20,2023-11-01,99,0
C0958,Starter,2023-10-21,2024-02-01,29,1
C0959,Starter,2023-10-21,2024-02-01,29,0
C0960,Pro,2023-10-21,,99,0
C0961,Starter,2023-10-21,,29,2
C0962,Starter,2023-10-22,2023-12-01,29,0
C0963,Starter,2023-10-22,2024-01-01,29,0
C0964,Pro,2023-10-24,,99,0
C0965,Pro,2023-10-24,2024-09-01,99,0
C0966,Starter,2023-10-24,2024-03-01,29,0
C0967,Starter,2023-10-24,2024-11-01,29,0
C0968,Starter,2023-10-25,2024-04-01,29,0
C0969,Enterprise,2023-10-25,,399,0
C0970,Starter,2023-10-25,2024-01-01,29,0
C0971,Enterprise,2023-10-26,,399,0
C0972,Starter,2023-10-26,2024-12-01,29,0
C0973,Starter,2023-10-27,,29,0
C0974,Starter,2023-10-27,,29,0
C0975,Pro,2023-10-27,,99,2
C0976,Starter,2023-10-28,2024-04-01,29,0
C0977,Pro,2023-10-28,2024-11-01,99,0
C0978,Starter,2023-10-28,2024-04-01,29,1
C0979,Starter,2023-10-28,,29,0
C0980,Pro,2023-10-28,2024-12-01,99,0
C0981,Starter,2023-10-29,,29,0
C0982,Starter,2023-10-29,2023-12-01,29,0
C0983,Pro,2023-10-30,,99,1
C0984,Pro,2023-10-30,,99,2
C0985,Starter,2023-10-30,,29,0
C0986,Pro,2023-10-30,2023-11-01,99,0
C0987,Starter,2023-10-30,2024-11-01,29,0
C0988,Starter,2023-11-01,2024-03-01,29,0
C0989,Starter,2023-11-02,2024-07-01,29,0
C0990,Pro,2023-11-02,,99,0
C0991,Starter,2023-11-02,,29,0
C0992,Pro,2023-11-02,,99,0
C0993,Starter,2023-11-02,,29,0
C0994,Starter,2023-11-03,,29,0
C0995,Pro,2023-11-03,,99,0
C0996,Starter,2023-11-05,2024-05-01,29,1
C0997,Pro,2023-11-05,,99,0
C0998,Pro,2023-11-05,2024-11-01,99,1
C0999,Starter,2023-11-06,2024-07-01,29,0
C1000,Starter,2023-11-06,,29,0
C1001,Starter,2023-11-07,,29,0
C1002,Starter,2023-11-07,2024-10-01,29,0
C1003,Pro,2023-11-07,,99,0
C1004,Starter,2023-11-08,,29,0
C1005,Pro,2023-11-08,,99,0
C1006,Starter,2023-11-10,,29,0
C1007,Pro,2023-11-10,,99,0
C1008,Starter,2023-11-10,2024-01-01,29,0
C1009,Enterprise,2023-11-11,2024-11-01,399,0
C1010,Starter,2023-11-11,2024-03-01,29,0
C1011,Starter,2023-11-11,2024-02-01,29,0
C1012,Pro,2023-11-13,,99,0
C1013,Pro,2023-11-13,,99,0
C1014,Enterprise,2023-11-13,,399,1
C1015,Starter,2023-11-14,,29,0
C1016,Pro,2023-11-14,2024-05-01,99,0
C1017,Starter,2023-11-15,2024-06-01,29,0
C1018,Pro,2023-11-15,,99,0
C1019,Starter,2023-11-16,,29,0
C1020,Starter,2023-11-16,2024-05-01,29,2
C1021,Enterprise,2023-11-16,2024-12-01,399,0
C1022,Starter,2023-11-17,2024-01-01,29,0
C1023,Starter,2023-11-17,2024-09-01,29,0
C1024,Starter,2023-11-17,,29,0
C1025,Starter,2023-11-17,,29,0
C1026,Pro,2023-11-17,,99,0
C1027,Starter,2023-11-17,,29,0
C1028,Starter,2023-11-18,,29,0
C1029,Starter,2023-11-18,,29,0
C1030,Starter,2023-11-18,,29,0
C1031,Starter,2023-11-18,2024-12-01,29,1
C1032,Starter,2023-11-19,2024-04-01,29,0
C1033,Pro,2023-11-20,,99,0
C1034,Starter,2023-11-20,,29,2
C1035,Pro,2023-11-21,,99,2
C1036,Starter,2023-11-21,2023-12-01,29,0
C1037,Pro,2023-11-22,2024-02-01,99,0
C1038,Enterprise,2023-11-22,,399,0
C1039,Starter,2023-11-22,2024-06-01,29,1
C1040,Starter,2023-11-23,2024-01-01,29,0
C1041,Starter,2023-11-23,,29,0
C1042,Starter,2023-11-24,2024-11-01,29,0
C1043,Pro,2023-11-24,2024-04-01,99,0
C1044,Enterprise,2023-11-25,2024-09-01,399,0
C1045,Starter,2023-11-26,2024-08-01,29,0
C1046,Starter,2023-11-27,2024-08-01,29,0
C1047,Pro,2023-11-27,,99,0
C1048,Starter,2023-11-28,2024-06-01,29,2
C1049,Starter,2023-11-28,2024-09-01,29,0
C1050,Enterprise,2023-11-29,,399,1
C1051,Starter,2023-11-30,,29,0
C1052,Pro,2023-11-30,2023-12-01,99,0
C1053,Starter,2023-11-30,2024-07-01,29,0
C1054,Starter,2023-11-30,,29,0
C1055,Starter,2023-12-01,,29,0
C1056,Enterprise,2023-12-02,2024-11-01,399,0
C1057,Starter,2023-12-03,2024-01-01,29,0
C1058,Pro,2023-12-03,,99,0
C1059,Starter,2023-12-03,,29,0
C1060,Starter,2023-12-04,2024-07-01,29,0
C1061,Starter,2023-12-04,2024-11-01,29,0
C1062,Enterprise,2023-12-04,2024-02-01,399,0
C1063,Pro,2023-12-06,2024-02-01,99,0
C1064,Starter,2023-12-06,,29,0
C1065,Pro,2023-12-06,,99,0
C1066,Pro,2023-12-07,2024-03-01,99,0
C1067,Starter,2023-12-07,,29,0
C1068,Enterprise,2023-12-07,,399,1
C1069,Enterprise,2023-12-07,,399,0
C1070,Starter,2023-12-08,,29,0
C1071,Enterprise,2023-12-08,2024-08-01,399,0
C1072,Pro,2023-12-08,2024-01-01,99,0
C1073,Starter,2023-12-08,2024-02-01,29,1
C1074,Starter,2023-12-09,2024-01-01,29,1
C1075,Starter,2023-12-09,,29,0
C1076,Starter,2023-12-09,,29,0
C1077,Starter,2023-12-09,,29,0
C1078,Starter,2023-12-10,,29,0
C1079,Pro,2023-12-11,,99,0
C1080,Pro,2023-12-11,,99,0
C1081,Enterprise,2023-12-12,,399,0
C1082,Enterprise,2023-12-13,2024-02-01,399,1
C1083,Pro,2023-12-13,,99,0
C1084,Starter,2023-12-14,2024-05-01,29,0
C1085,Pro,2023-12-14,2024-12-01,99,0
C1086,Starter,2023-12-15,,29,0
C1087,Starter,2023-12-15,,29,0
C1088,Pro,2023-12-16,,99,0
C1089,Enterprise,2023-12-16,2024-09-01,399,0
C1090,Starter,2023-12-16,,29,0
C1091,Starter,2023-12-17,2024-06-01,29,0
C1092,Pro,2023-12-18,,99,0
C1093,Starter,2023-12-18,2024-06-01,29,0
C1094,Starter,2023-12-20,2024-02-01,29,0
C1095,Starter,2023-12-20,,29,0
C1096,Pro,2023-12-20,2024-01-01,99,0
C1097,Starter,2023-12-20,,29,0
C1098,Starter,2023-12-21,,29,0
C1099,Pro,2023-12-21,,99,0
C1100,Pro,2023-12-21,2024-02-01,99,0
C1101,Pro,2023-12-21,,99,1
C1102,Enterprise,2023-12-22,,399,0
C1103,Starter,2023-12-23,2024-12-01,29,0
C1104,Enterprise,2023-12-23,,399,0
C1105,Enterprise,2023-12-24,,399,0
C1106,Starter,2023-12-25,2024-09-01,29,0
C1107,Starter,2023-12-26,,29,0
C1108,Starter,2023-12-26,,29,0
C1109,Starter,2023-12-27,,29,0
C1110,Starter,2023-12-27,2024-10-01,29,0
C1111,Starter,2023-12-27,,29,0
C1112,Starter,2023-12-28,,29,0
C1113,Starter,2023-12-28,2024-02-01,29,0
C1114,Starter,2023-12-31,,29,0
C1115,Starter,2023-12-31,2024-04-01,29,0
C1116,Pro,2023-12-31,,99,0
C1117,Starter,2024-01-01,2024-05-01,29,2
C1118,Enterprise,2024-01-02,,399,0
C1119,Pro,2024-01-02,2024-07-01,99,0
C1120,Enterprise,2024-01-02,,399,2
C1121,Pro,2024-01-03,,99,0
C1122,Pro,2024-01-03,,99,0
C1123,Pro,2024-01-03,,99,0
C1124,Starter,2024-01-05,2024-07-01,29,0
C1125,Starter,2024-01-05,,29,0
C1126,Pro,2024-01-06,,99,0
C1127,Pro,2024-01-06,,99,2
C1128,Pro,2024-01-07,,99,0
C1129,Pro,2024-01-07,2024-02-01,99,0
C1130,Enterprise,2024-01-09,2024-02-01,399,0
C1131,Starter,2024-01-10,,29,0
C1132,Pro,2024-01-11,,99,0
C1133,Starter,2024-01-12,2024-05-01,29,2
C1134,Enterprise,2024-01-12,2024-12-01,399,0
C1135,Enterprise,2024-01-12,,399,0
C1136,Enterprise,2024-01-14,,399,1
C1137,Starter,2024-01-14,2024-06-01,29,0
C1138,Starter,2024-01-14,,29,0
C1139,Starter,2024-01-15,2024-08-01,29,0
C1140,Starter,2024-01-16,2024-04-01,29,0
C1141,Starter,2024-01-16,2024-02-01,29,0
C1142,Starter,2024-01-16,2024-05-01,29,0
C1143,Enterprise,2024-01-17,,399,0
C1144,Pro,2024-01-18,,99,0
C1145,Pro,2024-01-18,,99,0
C1146,Pro,2024-01-18,,99,0
C1147,Starter,2024-01-19,2024-05-01,29,0
C1148,Starter,2024-01-19,2024-08-01,29,0
C1149,Starter,2024-01-19,2024-02-01,29,0
C1150,Pro,2024-01-19,,99,0
C1151,Starter,2024-01-20,,29,0
C1152,Starter,2024-01-21,,29,0
C1153,Starter,2024-01-22,,29,0
C1154,Enterprise,2024-01-22,,399,0
C1155,Starter,2024-01-22,2024-11-01,29,0
C1156,Pro,2024-01-23,,99,0
C1157,Pro,2024-01-24,2024-02-01,99,0
C1158,Starter,2024-01-24,,29,0
C1159,Starter,2024-01-26,,29,0
C1160,Pro,2024-01-26,,99,1
C1161,Pro,2024-01-26,,99,0
C1162,Pro,2024-01-26,,99,1
C1163,Starter,2024-01-27,,29,0
C1164,Enterprise,2024-01-27,,399,0
C1165,Pro,2024-01-27,2024-04-01,99,0
C1166,Starter,2024-01-29,2024-07-01,29,0
C1167,Pro,2024-01-29,,99,0
C1168,Starter,2024-01-29,2024-11-01,29,0
C1169,Starter,2024-01-29,,29,2
C1170,Starter,2024-01-29,,29,0
C1171,Starter,2024-01-29,2024-05-01,29,0
C1172,Pro,2024-01-30,,99,0
C1173,Pro,2024-01-30,,99,0
C1174,Pro,2024-01-31,2024-10-01,99,0
C1175,Pro,2024-01-31,2024-12-01,99,0
C1176,Starter,2024-02-01,2024-06-01,29,0
C1177,Starter,2024-02-01,2024-06-01,29,0
C1178,Starter,2024-02-02,2024-03-01,29,2
C1179,Starter,2024-02-02,,29,0
C1180,Enterprise,2024-02-03,,399,0
C1181,Starter,2024-02-04,,29,0
C1182,Pro,2024-02-04,2024-07-01,99,0
C1183,Starter,2024-02-04,,29,0
C1184,Starter,2024-02-06,,29,0
C1185,Enterprise,2024-02-06,,399,2
C1186,Pro,2024-02-06,,99,0
C1187,Starter,2024-02-07,2024-03-01,29,0
C1188,Enterprise,2024-02-08,2024-07-01,399,2
C1189,Enterprise,2024-02-08,2024-08-01,399,0
C1190,Pro,2024-02-09,2024-08-01,99,0
C1191,Enterprise,2024-02-10,,399,1
C1192,Pro,2024-02-10,,99,0
C1193,Pro,2024-02-12,,99,0
C1194,Starter,2024-02-13,2024-08-01,29,0
C1195,Pro,2024-02-13,,99,1
C1196,Starter,2024-02-13,2024-07-01,29,0
C1197,Enterprise,2024-02-13,,399,0
C1198,Pro,2024-02-14,,99,0
C1199,Starter,2024-02-14,,29,0
C1200,Pro,2024-02-14,2024-08-01,99,2
C1201,Starter,2024-02-15,,29,0
C1202,Pro,2024-02-16,2024-08-01,99,1
C1203,Enterprise,2024-02-17,,399,1
C1204,Starter,2024-02-17,2024-05-01,29,0
C1205,Pro,2024-02-18,,99,0
C1206,Pro,2024-02-18,,99,0
C1207,Pro,2024-02-19,,99,0
C1208,Enterprise,2024-02-19,,399,0
C1209,Starter,2024-02-19,,29,0
C1210,Starter,2024-02-20,2024-08-01,29,0
C1211,Pro,2024-02-21,2024-05-01,99,0
C1212,Starter,2024-02-21,2024-05-01,29,0
C1213,Pro,2024-02-21,,99,0
C1214,Starter,2024-02-23,,29,0
C1215,Starter,2024-02-23,,29,0
C1216,Starter,2024-02-23,,29,0
C1217,Pro,2024-02-24,2024-04-01,99,2
C1218,Pro,2024-02-24,,99,0
C1219,Starter,2024-02-24,2024-10-01,29,0
C1220,Enterprise,2024-02-24,,399,0
C1221,Starter,2024-02-25,2024-03-01,29,0
C1222,Pro,2024-02-25,,99,0
C1223,Pro,2024-02-26,,99,0
C1224,Pro,2024-02-26,,99,0
C1225,Pro,2024-02-26,,99,0
C1226,Starter,2024-02-26,,29,0
C1227,Pro,2024-02-26,,99,0
C1228,Starter,2024-02-27,2024-03-01,29,0
C1229,Starter,2024-02-28,,29,0
C1230,Enterprise,2024-02-28,,399,0
C1231,Starter,2024-02-28,,29,0
C1232,Pro,2024-02-28,,99,0
C1233,Starter,2024-02-28,,29,0
C1234,Starter,2024-02-29,,29,1
C1235,Pro,2024-02-29,2024-06-01,99,0
C1236,Starter,2024-03-02,2024-09-01,29,0
C1237,Pro,2024-03-03,2024-12-01,99,0
C1238,Enterprise,2024-03-03,,399,0
C1239,Pro,2024-03-03,2024-08-01,99,0
C1240,Starter,2024-03-03,2024-09-01,29,0
C1241,Starter,2024-03-04,,29,0
C1242,Starter,2024-03-04,,29,0
C1243,Starter,2024-03-04,,29,0
C1244,Enterprise,2024-03-04,,399,0
C1245,Pro,2024-03-05,2024-08-01,99,0
C1246,Pro,2024-03-06,,99,0
C1247,Starter,2024-03-06,2024-09-01,29,1
C1248,Pro,2024-03-07,2024-05-01,99,2
C1249,Starter,2024-03-08,,29,0
C1250,Enterprise,2024-03-08,2024-09-01,399,0
C1251,Starter,2024-03-08,2024-04-01,29,0
C1252,Pro,2024-03-09,,99,0
C1253,Pro,2024-03-10,,99,1
C1254,Starter,2024-03-10,,29,1
C1255,Enterprise,2024-03-12,,399,0
C1256,Pro,2024-03-13,,99,0
C1257,Starter,2024-03-13,2024-08-01,29,0
C1258,Pro,2024-03-13,2024-05-01,99,0
C1259,Starter,2024-03-14,,29,1
C1260,Starter,2024-03-14,2024-08-01,29,0
C1261,Pro,2024-03-14,2024-04-01,99,0
C1262,Starter,2024-03-15,,29,0
C1263,Starter,2024-03-15,2024-04-01,29,0
C1264,Starter,2024-03-15,,29,0
C1265,Enterprise,2024-03-15,,399,2
C1266,Pro,2024-03-15,2024-12-01,99,1
C1267,Enterprise,2024-03-15,,399,0
C1268,Starter,2024-03-16,,29,0
C1269,Starter,2024-03-17,,29,0
C1270,Enterprise,2024-03-18,2024-05-01,399,0
C1271,Starter,2024-03-18,2024-04-01,29,0
C1272,Starter,2024-03-19,2024-07-01,29,0
C1273,Starter,2024-03-19,,29,0
C1274,Starter,2024-03-19,2024-11-01,29,2
C1275,Pro,2024-03-20,2024-09-01,99,0
C1276,Starter,2024-03-20,2024-07-01,29,1
C1277,Starter,2024-03-20,2024-12-01,29,0
C1278,Starter,2024-03-21,2024-06-01,29,0
C1279,Pro,2024-03-22,2024-09-01,99,1
C1280,Starter,2024-03-24,,29,0
C1281,Starter,2024-03-24,2024-05-01,29,0
C1282,Starter,2024-03-24,2024-08-01,29,0
C1283,Starter,2024-03-24,,29,0
C1284,Pro,2024-03-25,2024-09-01,99,2
C1285,Enterprise,2024-03-25,,399,0
C1286,Pro,2024-03-26,,99,0
C1287,Starter,2024-03-26,,29,2
C1288,Pro,2024-03-26,,99,0
C1289,Pro,2024-03-27,,99,2
C1290,Starter,2024-03-27,,29,1
C1291,Starter,2024-03-28,2024-09-01,29,0
C1292,Pro,2024-03-28,,99,2
C1293,Enterprise,2024-03-29,,399,0
C1294,Starter,2024-03-30,,29,0
C1295,Starter,2024-03-30,2024-06-01,29,0
C1296,Starter,2024-03-30,,29,0
C1297,Pro,2024-04-01,,99,0
C1298,Pro,2024-04-03,,99,1
C1299,Starter,2024-04-04,,29,0
C1300,Starter,2024-04-04,,29,0
C1301,Pro,2024-04-04,2024-07-01,99,2
C1302,Starter,2024-04-05,2024-08-01,29,0
C1303,Starter,2024-04-05,2024-10-01,29,2
C1304,Starter,2024-04-05,,29,0
C1305,Pro,2024-04-06,2024-06-01,99,0
C1306,Starter,2024-04-06,2024-11-01,29,0
C1307,Starter,2024-04-06,,29,0
C1308,Enterprise,2024-04-07,,399,0
C1309,Starter,2024-04-08,2024-09-01,29,0
C1310,Pro,2024-04-10,,99,0
C1311,Starter,2024-04-11,,29,2
C1312,Enterprise,2024-04-12,,399,0
C1313,Pro,2024-04-13,2024-05-01,99,0
C1314,Starter,2024-04-13,2024-10-01,29,0
C1315,Starter,2024-04-13,,29,0
C1316,Starter,2024-04-14,,29,0
C1317,Pro,2024-04-14,,99,0
C1318,Starter,2024-04-15,,29,0
C1319,Starter,2024-04-15,2024-07-01,29,1
C1320,Starter,2024-04-15,,29,2
C1321,Starter,2024-04-15,,29,0
C1322,Pro,2024-04-16,,99,0
C1323,Enterprise,2024-04-16,,399,0
C1324,Pro,2024-04-16,,99,0
C1325,Pro,2024-04-17,,99,0
C1326,Enterprise,2024-04-17,,399,0
C1327,Pro,2024-04-17,2024-08-01,99,0
C1328,Starter,2024-04-19,2024-08-01,29,0
C1329,Starter,2024-04-19,,29,0
C1330,Enterprise,2024-04-20,,399,0
C1331,Starter,2024-04-22,,29,0
C1332,Starter,2024-04-22,,29,0
C1333,Pro,2024-04-22,2024-12-01,99,0
C1334,Starter,2024-04-22,,29,0
C1335,Enterprise,2024-04-23,,399,0
C1336,Enterprise,2024-04-24,,399,0
C1337,Pro,2024-04-24,,99,0
C1338,Pro,2024-04-26,,99,0
C1339,Starter,2024-04-27,,29,2
C1340,Pro,2024-04-27,,99,2
C1341,Starter,2024-04-27,,29,0
C1342,Starter,2024-04-28,,29,0
C1343,Enterprise,2024-04-28,,399,0
C1344,Starter,2024-04-28,,29,0
C1345,Pro,2024-04-29,,99,0
C1346,Starter,2024-05-02,2024-11-01,29,0
C1347,Starter,2024-05-02,,29,0
C1348,Starter,2024-05-03,2024-07-01,29,0
C1349,Pro,2024-05-03,,99,0
C1350,Pro,2024-05-03,,99,1
C1351,Pro,2024-05-04,,99,0
C1352,Starter,2024-05-05,2024-07-01,29,0
C1353,Starter,2024-05-09,,29,0
C1354,Pro,2024-05-09,,99,0
C1355,Starter,2024-05-10,,29,0
C1356,Pro,2024-05-11,,99,0
C1357,Starter,2024-05-12,2024-06-01,29,0
C1358,Starter,2024-05-13,,29,0
C1359,Starter,2024-05-14,,29,0
C1360,Pro,2024-05-14,,99,0
C1361,Starter,2024-05-14,,29,0
C1362,Starter,2024-05-14,,29,0
C1363,Pro,2024-05-15,,99,0
C1364,Starter,2024-05-16,,29,0
C1365,Starter,2024-05-18,,29,0
C1366,Pro,2024-05-18,2024-09-01,99,1
C1367,Starter,2024-05-18,,29,0
C1368,Pro,2024-05-18,,99,0
C1369,Starter,2024-05-19,,29,0
C1370,Starter,2024-05-20,,29,0
C1371,Enterprise,2024-05-21,,399,0
C1372,Pro,2024-05-25,,99,0
C1373,Pro,2024-05-25,,99,0
C1374,Pro,2024-05-25,,99,0
C1375,Starter,2024-05-26,,29,0
C1376,Pro,2024-05-27,,99,0
C1377,Starter,2024-05-27,,29,0
C1378,Pro,2024-05-27,,99,0
C1379,Starter,2024-05-28,2024-06-01,29,0
C1380,Enterprise,2024-05-29,,399,0
C1381,Starter,2024-05-30,,29,0
C1382,Enterprise,2024-05-31,2024-09-01,399,0
C1383,Pro,2024-05-31,,99,0
C1384,Enterprise,2024-05-31,,399,0
C1385,Starter,2024-05-31,,29,0
C1386,Starter,2024-06-02,,29,0
C1387,Starter,2024-06-02,,29,0
C1388,Starter,2024-06-03,2024-11-01,29,1
C1389,Starter,2024-06-04,2024-11-01,29,0
C1390,Enterprise,2024-06-04,2024-10-01,399,0
C1391,Starter,2024-06-04,,29,0
C1392,Pro,2024-06-04,2024-08-01,99,2
C1393,Pro,2024-06-04,,99,0
C1394,Starter,2024-06-04,,29,0
C1395,Starter,2024-06-05,,29,0
C1396,Pro,2024-06-05,,99,0
C1397,Starter,2024-06-05,,29,0
C1398,Pro,2024-06-05,,99,0
C1399,Pro,2024-06-05,,99,0
C1400,Pro,2024-06-06,,99,0
C1401,Pro,2024-06-06,,99,0
C1402,Pro,2024-06-07,,99,0
C1403,Starter,2024-06-07,,29,2
C1404,Starter,2024-06-07,,29,0
C1405,Starter,2024-06-08,,29,0
C1406,Pro,2024-06-12,,99,0
C1407,Starter,2024-06-14,2024-07-01,29,0
C1408,Pro,2024-06-14,2024-11-01,99,0
C1409,Starter,2024-06-14,2024-07-01,29,0
C1410,Enterprise,2024-06-15,,399,0
C1411,Pro,2024-06-16,2024-08-01,99,0
C1412,Starter,2024-06-17,,29,1
C1413,Pro,2024-06-18,,99,0
C1414,Enterprise,2024-06-19,2024-11-01,399,1
C1415,Pro,2024-06-20,,99,0
C1416,Pro,2024-06-20,,99,0
C1417,Pro,2024-06-21,2024-11-01,99,2
C1418,Starter,2024-06-21,,29,2
C1419,Starter,2024-06-22,,29,0
C1420,Pro,2024-06-22,2024-11-01,99,0
C1421,Starter,2024-06-23,2024-12-01,29,0
C1422,Enterprise,2024-06-23,,399,0
C1423,Enterprise,2024-06-23,,399,2
C1424,Pro,2024-06-24,,99,1
C1425,Starter,2024-06-24,,29,0
C1426,Pro,2024-06-24,,99,0
C1427,Pro,2024-06-29,2024-07-01,99,2
C1428,Pro,2024-07-01,,99,0
C1429,Starter,2024-07-01,2024-09-01,29,0
C1430,Starter,2024-07-02,2024-09-01,29,0
C1431,Starter,2024-07-03,2024-10-01,29,0
C1432,Starter,2024-07-05,,29,0
C1433,Starter,2024-07-05,,29,0
C1434,Starter,2024-07-05,,29,0
C1435,Starter,2024-07-05,2024-08-01,29,1
C1436,Starter,2024-07-07,,29,2
C1437,Pro,2024-07-08,,99,0
C1438,Pro,2024-07-10,,99,0
C1439,Starter,2024-07-10,,29,0
C1440,Pro,2024-07-11,,99,0
C1441,Pro,2024-07-14,,99,0
C1442,Starter,2024-07-15,,29,2
C1443,Enterprise,2024-07-15,,399,0
C1444,Starter,2024-07-15,2024-10-01,29,0
C1445,Pro,2024-07-16,,99,0
C1446,Pro,2024-07-18,2024-11-01,99,0
C1447,Starter,2024-07-19,,29,0
C1448,Pro,2024-07-19,,99,0
C1449,Starter,2024-07-20,,29,0
C1450,Enterprise,2024-07-20,,399,0
C1451,Starter,2024-07-21,2024-10-01,29,0
C1452,Pro,2024-07-21,2024-11-01,99,0
C1453,Pro,2024-07-21,,99,0
C1454,Pro,2024-07-22,,99,0
C1455,Starter,2024-07-24,2024-11-01,29,1
C1456,Pro,2024-07-24,,99,0
C1457,Pro,2024-07-24,2024-08-01,99,0
C1458,Starter,2024-07-25,,29,0
C1459,Starter,2024-07-25,,29,0
C1460,Pro,2024-07-26,2024-10-01,99,0
C1461,Pro,2024-07-26,,99,0
C1462,Starter,2024-07-28,,29,0
C1463,Pro,2024-07-28,,99,1
C1464,Pro,2024-07-30,,99,0
C1465,Pro,2024-07-30,,99,0
C1466,Starter,2024-07-31,,29,2
C1467,Starter,2024-07-31,,29,0
C1468,Enterprise,2024-08-01,,399,0
C1469,Starter,2024-08-01,,29,0
C1470,Starter,2024-08-01,2024-11-01,29,0
C1471,Starter,2024-08-02,,29,0
C1472,Starter,2024-08-04,,29,0
C1473,Starter,2024-08-05,2024-09-01,29,0
C1474,Pro,2024-08-06,,99,0
C1475,Starter,2024-08-07,,29,0
C1476,Starter,2024-08-07,,29,0
C1477,Starter,2024-08-08,,29,0
C1478,Enterprise,2024-08-08,,399,0
C1479,Pro,2024-08-08,,99,0
C1480,Starter,2024-08-08,,29,0
C1481,Starter,2024-08-08,2024-09-01,29,0
C1482,Starter,2024-08-09,,29,1
C1483,Enterprise,2024-08-09,,399,0
C1484,Pro,2024-08-10,,99,2
C1485,Starter,2024-08-14,,29,0
C1486,Starter,2024-08-14,,29,0
C1487,Starter,2024-08-17,2024-11-01,29,0
C1488,Pro,2024-08-18,2024-12-01,99,0
C1489,Pro,2024-08-19,,99,0
C1490,Starter,2024-08-22,,29,0
C1491,Pro,2024-08-22,,99,0
C1492,Enterprise,2024-08-23,,399,0
C1493,Pro,2024-08-24,,99,0
C1494,Starter,2024-08-25,,29,1
C1495,Pro,2024-08-26,2024-11-01,99,0
C1496,Starter,2024-08-26,,29,0
C1497,Starter,2024-08-27,,29,0
C1498,Starter,2024-08-29,2024-11-01,29,0
C1499,Enterprise,2024-08-30,,399,0
C1500,Starter,2024-08-31,,29,0
C1501,Starter,2024-08-31,2024-12-01,29,0
C1502,Starter,2024-09-01,,29,0
C1503,Pro,2024-09-03,,99,2
C1504,Pro,2024-09-03,,99,0
C1505,Pro,2024-09-05,,99,0
C1506,Starter,2024-09-07,,29,0
C1507,Enterprise,2024-09-08,,399,0
C1508,Starter,2024-09-08,,29,0
C1509,Starter,2024-09-08,,29,0
C1510,Pro,2024-09-09,,99,0
C1511,Pro,2024-09-10,,99,0
C1512,Starter,2024-09-13,,29,0
C1513,Pro,2024-09-13,,99,0
C1514,Pro,2024-09-13,,99,1
C1515,Enterprise,2024-09-17,,399,0
C1516,Starter,2024-09-17,,29,1
C1517,Starter,2024-09-18,,29,0
C1518,Pro,2024-09-18,2024-11-01,99,0
C1519,Pro,2024-09-18,,99,0
C1520,Starter,2024-09-18,,29,0
C1521,Starter,2024-09-19,,29,1
C1522,Pro,2024-09-19,,99,0
C1523,Pro,2024-09-20,,99,0
C1524,Starter,2024-09-21,,29,2
C1525,Starter,2024-09-21,2024-11-01,29,0
C1526,Pro,2024-09-23,,99,0
C1527,Starter,2024-09-25,,29,0
C1528,Enterprise,2024-09-25,,399,0
C1529,Pro,2024-09-26,,99,0
C1530,Starter,2024-09-27,2024-12-01,29,0
C1531,Starter,2024-09-30,,29,0
C1532,Enterprise,2024-10-02,,399,0
C1533,Starter,2024-10-03,,29,0
C1534,Pro,2024-10-04,,99,0
C1535,Starter,2024-10-04,,29,0
C1536,Starter,2024-10-04,,29,2
C1537,Enterprise,2024-10-05,,399,0
C1538,Pro,2024-10-06,,99,0
C1539,Starter,2024-10-07,,29,0
C1540,Starter,2024-10-07,2024-12-01,29,0
C1541,Starter,2024-10-07,,29,0
C1542,Pro,2024-10-08,,99,2
C1543,Pro,2024-10-10,,99,0
C1544,Pro,2024-10-10,,99,0
C1545,Pro,2024-10-12,,99,0
C1546,Starter,2024-10-14,,29,0
C1547,Starter,2024-10-14,,29,0
C1548,Pro,2024-10-15,,99,0
C1549,Starter,2024-10-16,,29,2
C1550,Enterprise,2024-10-18,,399,0
C1551,Starter,2024-10-18,,29,0
C1552,Starter,2024-10-18,,29,0
C1553,Starter,2024-10-19,,29,0
C1554,Starter,2024-10-24,,29,0
C1555,Starter,2024-10-24,2024-12-01,29,0
C1556,Pro,2024-10-24,,99,0
C1557,Starter,2024-10-24,2024-12-01,29,0
C1558,Pro,2024-10-26,,99,0
C1559,Starter,2024-10-26,,29,0
C1560,Starter,2024-10-29,,29,0
C1561,Pro,2024-10-29,,99,0
C1562,Starter,2024-11-01,,29,0
C1563,Starter,2024-11-01,,29,0
C1564,Starter,2024-11-04,,29,0
C1565,Pro,2024-11-04,,99,0
C1566,Pro,2024-11-04,,99,0
C1567,Pro,2024-11-05,,99,0
C1568,Pro,2024-11-07,,99,2
C1569,Starter,2024-11-08,,29,0
C1570,Pro,2024-11-11,,99,0
C1571,Starter,2024-11-11,,29,0
C1572,Pro,2024-11-12,,99,0
C1573,Starter,2024-11-13,,29,0
C1574,Starter,2024-11-13,,29,0
C1575,Pro,2024-11-14,,99,0
C1576,Starter,2024-11-16,,29,2
C1577,Enterprise,2024-11-17,,399,1
C1578,Starter,2024-11-23,,29,0
C1579,Starter,2024-11-23,,29,0
C1580,Starter,2024-11-24,,29,0
C1581,Starter,2024-11-24,,29,0
C1582,Enterprise,2024-11-25,,399,0
C1583,Pro,2024-11-25,,99,0
C1584,Starter,2024-11-26,,29,0
C1585,Starter,2024-11-26,,29,0
C1586,Starter,2024-11-28,,29,2
C1587,Enterprise,2024-11-30,,399,0
C1588,Starter,2024-11-30,,29,0
C1589,Pro,2024-11-30,,99,0
C1590,Starter,2024-12-01,,29,0
C1591,Starter,2024-12-02,,29,0
C1592,Starter,2024-12-03,,29,0
C1593,Pro,2024-12-03,,99,1
C1594,Starter,2024-12-04,,29,2
C1595,Pro,2024-12-04,,99,0
C1596,Enterprise,2024-12-05,,399,0
C1597,Enterprise,2024-12-05,,399,0
C1598,Starter,2024-12-06,,29,2
C1599,Starter,2024-12-06,,29,2
C1600,Starter,2024-12-07,,29,0
C1601,Starter,2024-12-09,,29,0
C1602,Starter,2024-12-09,,29,0
C1603,Pro,2024-12-10,,99,0
C1604,Starter,2024-12-11,,29,0
C1605,Starter,2024-12-12,,29,2
C1606,Starter,2024-12-12,,29,0
C1607,Enterprise,2024-12-13,,399,1
C1608,Pro,2024-12-14,,99,0
C1609,Starter,2024-12-16,,29,0
C1610,Starter,2024-12-18,,29,0
C1611,Enterprise,2024-12-19,,399,0
C1612,Enterprise,2024-12-19,,399,0
C1613,Starter,2024-12-19,,29,0
C1614,Enterprise,2024-12-20,,399,0
C1615,Starter,2024-12-21,,29,0
C1616,Starter,2024-12-22,,29,0
C1617,Pro,2024-12-23,,99,0
C1618,Enterprise,2024-12-24,,399,0
C1619,Starter,2024-12-24,,29,0
C1620,Starter,2024-12-26,,29,0
C1621,Starter,2024-12-27,,29,0
C1622,Starter,2024-12-28,,29,2
C1623,Starter,2024-12-28,,29,0
C1624,Enterprise,2024-12-29,,399,0
C1625,Pro,2024-12-30,,99,0
C1626,Starter,2024-12-30,,29,0
C1627,Pro,2024-12-30,,99,0
C1628,Starter,2024-12-30,,29,0
C1629,Enterprise,2024-12-30,,399,2
C1630,Starter,2024-12-30,,29,0
C1631,Starter,2024-12-30,,29,0
C1632,Starter,2024-12-30,,29,0
C1633,Pro,2024-12-30,,99,0
C1634,Starter,2024-12-30,,29,0
C1635,Starter,2024-12-30,,29,0
C1636,Starter,2024-12-30,,29,0
C1637,Enterprise,2024-12-30,,399,0
C1638,Enterprise,2024-12-30,,399,0
C1639,Starter,2024-12-30,,29,0
C1640,Enterprise,2024-12-30,,399,0
C1641,Enterprise,2024-12-30,,399,0
C1642,Pro,2024-12-30,,99,0
C1643,Starter,2024-12-30,,29,0
C1644,Pro,2024-12-30,,99,0
C1645,Starter,2024-12-30,,29,1
C1646,Starter,2024-12-30,,29,0
C1647,Starter,2024-12-30,,29,2
C1648,Enterprise,2024-12-30,,399,0
C1649,Pro,2024-12-30,,99,0
C1650,Starter,2024-12-30,,29,0
C1651,Pro,2024-12-30,,99,2
C1652,Starter,2024-12-30,,29,0
C1653,Pro,2024-12-30,,99,0
C1654,Enterprise,2024-12-30,,399,0
C1655,Enterprise,2024-12-30,,399,1
C1656,Starter,2024-12-30,,29,0
C1657,Pro,2024-12-30,,99,0
C1658,Pro,2024-12-30,,99,0
C1659,Pro,2024-12-30,,99,0
C1660,Pro,2024-12-30,,99,0
C1661,Starter,2024-12-30,,29,0
C1662,Pro,2024-12-30,,99,0
C1663,Starter,2024-12-30,,29,0
C1664,Starter,2024-12-30,,29,0
C1665,Starter,2024-12-30,,29,0
C1666,Pro,2024-12-30,,99,0
C1667,Starter,2024-12-30,,29,0
C1668,Starter,2024-12-30,,29,0
C1669,Starter,2024-12-30,,29,2
C1670,Starter,2024-12-30,,29,0
C1671,Starter,2024-12-30,,29,0
C1672,Starter,2024-12-30,,29,0
C1673,Starter,2024-12-30,,29,0
C1674,Pro,2024-12-30,,99,0
C1675,Enterprise,2024-12-30,,399,0
C1676,Starter,2024-12-30,,29,0
C1677,Starter,2024-12-30,,29,1
C1678,Starter,2024-12-30,,29,0
C1679,Starter,2024-12-30,,29,0
C1680,Starter,2024-12-30,,29,0
C1681,Pro,2024-12-30,,99,0
C1682,Starter,2024-12-30,,29,0
C1683,Pro,2024-12-30,,99,0
C1684,Starter,2024-12-30,,29,0
C1685,Enterprise,2024-12-30,,399,1
C1686,Starter,2024-12-30,,29,0
C1687,Enterprise,2024-12-30,,399,0
C1688,Pro,2024-12-30,,99,0
C1689,Starter,2024-12-30,,29,0
C1690,Starter,2024-12-30,,29,0
C1691,Starter,2024-12-30,,29,0
C1692,Starter,2024-12-30,,29,0
C1693,Pro,2024-12-30,,99,0
C1694,Pro,2024-12-30,,99,1
C1695,Starter,2024-12-30,,29,0
C1696,Starter,2024-12-30,,29,1
C1697,Starter,2024-12-30,,29,2
C1698,Enterprise,2024-12-30,,399,1
C1699,Starter,2024-12-30,,29,0
C1700,Starter,2024-12-30,,29,0
C1701,Starter,2024-12-30,,29,0
C1702,Pro,2024-12-30,,99,0
C1703,Starter,2024-12-30,,29,0
C1704,Starter,2024-12-30,,29,0
C1705,Starter,2024-12-30,,29,0
C1706,Enterprise,2024-12-30,,399,2
C1707,Pro,2024-12-30,,99,0
C1708,Starter,2024-12-30,,29,0
C1709,Starter,2024-12-30,,29,0
C1710,Starter,2024-12-30,,29,0
C1711,Starter,2024-12-30,,29,0
C1712,Starter,2024-12-30,,29,1
C1713,Enterprise,2024-12-30,,399,0
C1714,Starter,2024-12-30,,29,0
C1715,Pro,2024-12-30,,99,1
C1716,Pro,2024-12-30,,99,0
C1717,Starter,2024-12-30,,29,2
C1718,Starter,2024-12-30,,29,0
C1719,Starter,2024-12-30,,29,0
C1720,Starter,2024-12-30,,29,0
C1721,Pro,2024-12-30,,99,2
C1722,Pro,2024-12-30,,99,2
C1723,Enterprise,2024-12-30,,399,0
C1724,Starter,2024-12-30,,29,1
C1725,Starter,2024-12-30,,29,0
C1726,Starter,2024-12-30,,29,2
C1727,Starter,2024-12-30,,29,0
C1728,Starter,2024-12-30,,29,0
C1729,Starter,2024-12-30,,29,0
C1730,Starter,2024-12-30,,29,0
C1731,Pro,2024-12-30,,99,0
C1732,Starter,2024-12-30,,29,0
C1733,Starter,2024-12-30,,29,0
C1734,Enterprise,2024-12-30,,399,0
C1735,Pro,2024-12-30,,99,2
C1736,Starter,2024-12-30,,29,0
C1737,Starter,2024-12-30,,29,0
C1738,Starter,2024-12-30,,29,0
C1739,Starter,2024-12-30,,29,0
C1740,Pro,2024-12-30,,99,0
C1741,Enterprise,2024-12-30,,399,0
C1742,Starter,2024-12-30,,29,0
C1743,Enterprise,2024-12-30,,399,0
C1744,Starter,2024-12-30,,29,2
C1745,Starter,2024-12-30,,29,0
C1746,Starter,2024-12-30,,29,0
C1747,Pro,2024-12-30,,99,1
C1748,Enterprise,2024-12-30,,399,0
C1749,Starter,2024-12-30,,29,0
C1750,Enterprise,2024-12-30,,399,1
C1751,Enterprise,2024-12-30,,399,0
C1752,Enterprise,2024-12-30,,399,0
C1753,Starter,2024-12-30,,29,1
C1754,Starter,2024-12-30,,29,0
C1755,Pro,2024-12-30,,99,0
C1756,Starter,2024-12-30,,29,0
C1757,Starter,2024-12-30,,29,0
C1758,Enterprise,2024-12-30,,399,0
C1759,Starter,2024-12-30,,29,1
C1760,Starter,2024-12-30,,29,0
C1761,Pro,2024-12-30,,99,0
C1762,Pro,2024-12-30,,99,0
C1763,Pro,2024-12-30,,99,1
C1764,Pro,2024-12-30,,99,0
C1765,Starter,2024-12-30,,29,0
C1766,Enterprise,2024-12-30,,399,0
C1767,Starter,2024-12-30,,29,0
C1768,Starter,2024-12-30,,29,0
C1769,Starter,2024-12-30,,29,0
C1770,Starter,2024-12-30,,29,0
C1771,Enterprise,2024-12-30,,399,0
C1772,Starter,2024-12-30,,29,0
C1773,Starter,2024-12-30,,29,0
C1774,Enterprise,2024-12-30,,399,0
C1775,Starter,2024-12-30,,29,0
C1776,Starter,2024-12-30,,29,0
C1777,Starter,2024-12-30,,29,0
C1778,Enterprise,2024-12-30,,399,0
C1779,Starter,2024-12-30,,29,0
C1780,Starter,2024-12-30,,29,0
C1781,Enterprise,2024-12-30,,399,1
C1782,Starter,2024-12-30,,29,0
C1783,Starter,2024-12-30,,29,0
C1784,Enterprise,2024-12-30,,399,0
C1785,Starter,2024-12-30,,29,0
C1786,Pro,2024-12-30,,99,0
C1787,Starter,2024-12-30,,29,0
C1788,Starter,2024-12-30,,29,0
C1789,Starter,2024-12-30,,29,1
C1790,Pro,2024-12-30,,99,0
C1791,Pro,2024-12-30,,99,0
C1792,Pro,2024-12-30,,99,0
C1793,Pro,2024-12-30,,99,0
C1794,Starter,2024-12-30,,29,0
C1795,Enterprise,2024-12-30,,399,2
C1796,Starter,2024-12-30,,29,2
C1797,Starter,2024-12-30,,29,0
C1798,Starter,2024-12-30,,29,1
C1799,Starter,2024-12-30,,29,1
C1800,Enterprise,2024-12-30,,399,1
C1801,Starter,2024-12-30,,29,0
C1802,Starter,2024-12-30,,29,0
C1803,Pro,2024-12-30,,99,0
C1804,Pro,2024-12-30,,99,0
C1805,Starter,2024-12-30,,29,0
C1806,Pro,2024-12-30,,99,0
C1807,Starter,2024-12-30,,29,0
C1808,Pro,2024-12-30,,99,0
C1809,Starter,2024-12-30,,29,0
C1810,Starter,2024-12-30,,29,2
C1811,Starter,2024-12-30,,29,0
C1812,Starter,2024-12-30,,29,0
C1813,Starter,2024-12-30,,29,0
C1814,Starter,2024-12-30,,29,2
C1815,Starter,2024-12-30,,29,1
C1816,Pro,2024-12-30,,99,0
C1817,Pro,2024-12-30,,99,0
C1818,Starter,2024-12-30,,29,0
C1819,Enterprise,2024-12-30,,399,0
C1820,Starter,2024-12-30,,29,0
C1821,Starter,2024-12-30,,29,0
C1822,Starter,2024-12-30,,29,2
C1823,Pro,2024-12-30,,99,0
C1824,Starter,2024-12-30,,29,0
C1825,Enterprise,2024-12-30,,399,0
C1826,Starter,2024-12-30,,29,0
C1827,Enterprise,2024-12-30,,399,2
C1828,Starter,2024-12-30,,29,0
C1829,Starter,2024-12-30,,29,0
C1830,Enterprise,2024-12-30,,399,0
C1831,Starter,2024-12-30,,29,0
C1832,Pro,2024-12-30,,99,0
C1833,Starter,2024-12-30,,29,0
C1834,Pro,2024-12-30,,99,0
C1835,Starter,2024-12-30,,29,0
C1836,Enterprise,2024-12-30,,399,0
C1837,Pro,2024-12-30,,99,1
C1838,Enterprise,2024-12-30,,399,0
C1839,Pro,2024-12-30,,99,0
C1840,Starter,2024-12-30,,29,0
C1841,Starter,2024-12-30,,29,0
C1842,Pro,2024-12-30,,99,0
C1843,Pro,2024-12-30,,99,0
C1844,Starter,2024-12-30,,29,0
C1845,Starter,2024-12-30,,29,0
C1846,Pro,2024-12-30,,99,0
C1847,Starter,2024-12-30,,29,2
C1848,Starter,2024-12-30,,29,0
C1849,Starter,2024-12-30,,29,0
C1850,Starter,2024-12-30,,29,0
C1851,Enterprise,2024-12-30,,399,0
C1852,Starter,2024-12-30,,29,0
C1853,Starter,2024-12-30,,29,0
C1854,Pro,2024-12-30,,99,0
C1855,Starter,2024-12-30,,29,0
C1856,Enterprise,2024-12-30,,399,0
C1857,Pro,2024-12-30,,99,0
C1858,Pro,2024-12-30,,99,0
C1859,Starter,2024-12-30,,29,0
C1860,Pro,2024-12-30,,99,0
C1861,Pro,2024-12-30,,99,0
C1862,Starter,2024-12-30,,29,0
C1863,Starter,2024-12-30,,29,0
C1864,Starter,2024-12-30,,29,0
C1865,Pro,2024-12-30,,99,0
C1866,Enterprise,2024-12-30,,399,0
C1867,Enterprise,2024-12-30,,399,1
C1868,Starter,2024-12-30,,29,0
C1869,Starter,2024-12-30,,29,2
C1870,Pro,2024-12-30,,99,0
C1871,Starter,2024-12-30,,29,0
C1872,Starter,2024-12-30,,29,0
C1873,Starter,2024-12-30,,29,0
C1874,Starter,2024-12-30,,29,0
C1875,Starter,2024-12-30,,29,0
C1876,Pro,2024-12-30,,99,0
C1877,Enterprise,2024-12-30,,399,0
C1878,Pro,2024-12-30,,99,0
C1879,Pro,2024-12-30,,99,0
C1880,Pro,2024-12-30,,99,0
C1881,Starter,2024-12-30,,29,0
C1882,Starter,2024-12-30,,29,0
C1883,Pro,2024-12-30,,99,0
C1884,Pro,2024-12-30,,99,0
C1885,Starter,2024-12-30,,29,0
C1886,Pro,2024-12-30,,99,0
C1887,Starter,2024-12-30,,29,1
C1888,Pro,2024-12-30,,99,0
C1889,Starter,2024-12-30,,29,0
C1890,Pro,2024-12-30,,99,0
C1891,Pro,2024-12-30,,99,2
C1892,Pro,2024-12-30,,99,0
C1893,Pro,2024-12-30,,99,0
C1894,Starter,2024-12-30,,29,0
C1895,Pro,2024-12-30,,99,0
C1896,Pro,2024-12-30,,99,0
C1897,Starter,2024-12-30,,29,0
C1898,Enterprise,2024-12-30,,399,0
C1899,Enterprise,2024-12-30,,399,0
C1900,Pro,2024-12-30,,99,0
C1901,Enterprise,2024-12-30,,399,0
C1902,Starter,2024-12-30,,29,2
C1903,Pro,2024-12-30,,99,0
C1904,Pro,2024-12-30,,99,1
C1905,Starter,2024-12-30,,29,0
C1906,Enterprise,2024-12-30,,399,0
C1907,Starter,2024-12-30,,29,0
C1908,Enterprise,2024-12-30,,399,0
C1909,Enterprise,2024-12-30,,399,0
C1910,Starter,2024-12-30,,29,1
C1911,Pro,2024-12-30,,99,0
C1912,Pro,2024-12-30,,99,0
C1913,Enterprise,2024-12-30,,399,0
C1914,Starter,2024-12-30,,29,0
C1915,Pro,2024-12-30,,99,0
C1916,Pro,2024-12-30,,99,0
C1917,Starter,2024-12-30,,29,0
C1918,Pro,2024-12-30,,99,0
C1919,Starter,2024-12-30,,29,0
C1920,Enterprise,2024-12-30,,399,0
C1921,Pro,2024-12-30,,99,0
C1922,Pro,2024-12-30,,99,1
C1923,Starter,2024-12-30,,29,0
C1924,Pro,2024-12-30,,99,0
C1925,Starter,2024-12-30,,29,0
C1926,Starter,2024-12-30,,29,2
C1927,Enterprise,2024-12-30,,399,0
C1928,Starter,2024-12-30,,29,0
C1929,Enterprise,2024-12-30,,399,0
C1930,Enterprise,2024-12-30,,399,1
C1931,Pro,2024-12-30,,99,0
C1932,Pro,2024-12-30,,99,0
C1933,Enterprise,2024-12-30,,399,0
C1934,Starter,2024-12-30,,29,0
C1935,Enterprise,2024-12-30,,399,0
C1936,Starter,2024-12-30,,29,0
C1937,Starter,2024-12-30,,29,0
C1938,Starter,2024-12-30,,29,0
C1939,Starter,2024-12-30,,29,0
C1940,Enterprise,2024-12-30,,399,1
C1941,Starter,2024-12-30,,29,1
C1942,Pro,2024-12-30,,99,0
C1943,Enterprise,2024-12-30,,399,0
C1944,Starter,2024-12-30,,29,0
C1945,Starter,2024-12-30,,29,0
C1946,Starter,2024-12-30,,29,0
C1947,Starter,2024-12-30,,29,0
C1948,Starter,2024-12-30,,29,2
C1949,Pro,2024-12-30,,99,0
C1950,Starter,2024-12-30,,29,0
C1951,Starter,2024-12-30,,29,1
C1952,Starter,2024-12-30,,29,0
C1953,Starter,2024-12-30,,29,0
C1954,Starter,2024-12-30,,29,0
C1955,Starter,2024-12-30,,29,0
C1956,Enterprise,2024-12-30,,399,0
C1957,Starter,2024-12-30,,29,0
C1958,Starter,2024-12-30,,29,0
C1959,Pro,2024-12-30,,99,0
C1960,Starter,2024-12-30,,29,0
C1961,Starter,2024-12-30,,29,1
C1962,Enterprise,2024-12-30,,399,0
C1963,Starter,2024-12-30,,29,0
C1964,Starter,2024-12-30,,29,0
C1965,Pro,2024-12-30,,99,0
C1966,Pro,2024-12-30,,99,0
C1967,Starter,2024-12-30,,29,0
C1968,Starter,2024-12-30,,29,0
C1969,Starter,2024-12-30,,29,0
C1970,Pro,2024-12-30,,99,1
C1971,Enterprise,2024-12-30,,399,1
C1972,Starter,2024-12-30,,29,0
C1973,Pro,2024-12-30,,99,0
C1974,Starter,2024-12-30,,29,0
C1975,Starter,2024-12-30,,29,0
C1976,Starter,2024-12-30,,29,0
C1977,Pro,2024-12-30,,99,0
C1978,Pro,2024-12-30,,99,0
C1979,Starter,2024-12-30,,29,0
C1980,Pro,2024-12-30,,99,0
C1981,Starter,2024-12-30,,29,0
C1982,Starter,2024-12-30,,29,0
C1983,Pro,2024-12-30,,99,0
C1984,Starter,2024-12-30,,29,0
C1985,Pro,2024-12-30,,99,1
C1986,Pro,2024-12-30,,99,1
C1987,Starter,2024-12-30,,29,0
C1988,Starter,2024-12-30,,29,0
C1989,Pro,2024-12-30,,99,0
C1990,Starter,2024-12-30,,29,0
C1991,Enterprise,2024-12-30,,399,0
C1992,Enterprise,2024-12-30,,399,0
C1993,Enterprise,2024-12-30,,399,0
C1994,Pro,2024-12-30,,99,1
C1995,Pro,2024-12-30,,99,0
C1996,Pro,2024-12-30,,99,0
C1997,Pro,2024-12-30,,99,0
C1998,Starter,2024-12-30,,29,2
C1999,Starter,2024-12-30,,29,2
C2000,Starter,2024-12-30,,29,0
